,xmin,ymin,xmax,ymax,geometry
0,1377,697,1429,752,"POLYGON ((1429 697, 1429 752, 1377 752, 1377 697, 1429 697))"
1,787,232,811,256,"POLYGON ((811 232, 811 256, 787 256, 787 232, 811 232))"
2,490,168,516,191,"POLYGON ((516 168, 516 191, 490 191, 490 168, 516 168))"
3,210,82,237,111,"POLYGON ((237 82, 237 111, 210 111, 210 82, 237 82))"
4,174,209,209,250,"POLYGON ((209 209, 209 250, 174 250, 174 209, 209 209))"
5,8,293,76,357,"POLYGON ((76 293, 76 357, 8 357, 8 293, 76 293))"
6,1283,377,1336,417,"POLYGON ((1336 377, 1336 417, 1283 417, 1283 377, 1336 377))"
7,774,111,809,152,"POLYGON ((809 111, 809 152, 774 152, 774 111, 809 111))"
8,980,548,1032,604,"POLYGON ((1032 548, 1032 604, 980 604, 980 548, 1032 548))"
9,283,229,311,257,"POLYGON ((311 229, 311 257, 283 257, 283 229, 311 229))"
10,1360,1647,1392,1678,"POLYGON ((1392 1647, 1392 1678, 1360 1678, 1360 1647, 1392 1647))"
11,253,1317,277,1349,"POLYGON ((277 1317, 277 1349, 253 1349, 253 1317, 277 1317))"
12,209,1353,238,1371,"POLYGON ((238 1353, 238 1371, 209 1371, 209 1353, 238 1353))"
13,815,1760,860,1809,"POLYGON ((860 1760, 860 1809, 815 1809, 815 1760, 860 1760))"
14,774,1790,813,1832,"POLYGON ((813 1790, 813 1832, 774 1832, 774 1790, 813 1790))"
15,1388,98,1429,128,"POLYGON ((1429 98, 1429 128, 1388 128, 1388 98, 1429 98))"
16,602,617,637,656,"POLYGON ((637 617, 637 656, 602 656, 602 617, 637 617))"
17,1,1193,37,1230,"POLYGON ((37 1193, 37 1230, 1 1230, 1 1193, 37 1193))"
18,778,1103,815,1135,"POLYGON ((815 1103, 815 1135, 778 1135, 778 1103, 815 1103))"
19,814,1131,841,1161,"POLYGON ((841 1131, 841 1161, 814 1161, 814 1131, 841 1131))"
20,476,700,513,744,"POLYGON ((513 700, 513 744, 476 744, 476 700, 513 700))"
21,1358,90,1387,130,"POLYGON ((1387 90, 1387 130, 1358 130, 1358 90, 1387 90))"
22,796,628,832,674,"POLYGON ((832 628, 832 674, 796 674, 796 628, 832 628))"
23,882,829,930,877,"POLYGON ((930 829, 930 877, 882 877, 882 829, 930 829))"
24,1021,815,1066,855,"POLYGON ((1066 815, 1066 855, 1021 855, 1021 815, 1066 815))"
25,7,1765,39,1794,"POLYGON ((39 1765, 39 1794, 7 1794, 7 1765, 39 1765))"
26,1063,377,1092,409,"POLYGON ((1092 377, 1092 409, 1063 409, 1063 377, 1092 377))"
27,1096,410,1133,448,"POLYGON ((1133 410, 1133 448, 1096 448, 1096 410, 1133 410))"
28,375,1792,397,1820,"POLYGON ((397 1792, 397 1820, 375 1820, 375 1792, 397 1792))"
29,171,963,202,998,"POLYGON ((202 963, 202 998, 171 998, 171 963, 202 963))"
30,255,995,296,1031,"POLYGON ((296 995, 296 1031, 255 1031, 255 995, 296 995))"
31,270,1029,300,1060,"POLYGON ((300 1029, 300 1060, 270 1060, 270 1029, 300 1029))"
32,203,1316,255,1354,"POLYGON ((255 1316, 255 1354, 203 1354, 203 1316, 255 1316))"
33,1393,1665,1429,1716,"POLYGON ((1429 1665, 1429 1716, 1393 1716, 1393 1665, 1429 1665))"
34,1319,563,1366,616,"POLYGON ((1366 563, 1366 616, 1319 616, 1319 563, 1366 563))"
35,702,194,783,278,"POLYGON ((783 194, 783 278, 702 278, 702 194, 783 194))"
36,700,327,728,350,"POLYGON ((728 327, 728 350, 700 350, 700 327, 728 327))"
37,548,286,569,312,"POLYGON ((569 286, 569 312, 548 312, 548 286, 569 286))"
38,739,735,800,790,"POLYGON ((800 735, 800 790, 739 790, 739 735, 800 735))"
39,68,487,95,518,"POLYGON ((95 487, 95 518, 68 518, 68 487, 95 487))"
40,51,576,72,599,"POLYGON ((72 576, 72 599, 51 599, 51 576, 72 576))"
41,66,607,129,661,"POLYGON ((129 607, 129 661, 66 661, 66 607, 129 607))"
42,133,947,171,985,"POLYGON ((171 947, 171 985, 133 985, 133 947, 171 947))"
43,136,981,170,1010,"POLYGON ((170 981, 170 1010, 136 1010, 136 981, 170 981))"
44,345,1731,383,1772,"POLYGON ((383 1731, 383 1772, 345 1772, 345 1731, 383 1731))"
45,433,1564,461,1602,"POLYGON ((461 1564, 461 1602, 433 1602, 433 1564, 461 1564))"
46,1286,1263,1322,1302,"POLYGON ((1322 1263, 1322 1302, 1286 1302, 1286 1263, 1322 1263))"
47,1377,1218,1410,1244,"POLYGON ((1410 1218, 1410 1244, 1377 1244, 1377 1218, 1410 1218))"
48,1382,1186,1420,1217,"POLYGON ((1420 1186, 1420 1217, 1382 1217, 1382 1186, 1420 1186))"
49,615,743,667,798,"POLYGON ((667 743, 667 798, 615 798, 615 743, 667 743))"
50,567,759,614,815,"POLYGON ((614 759, 614 815, 567 815, 567 759, 614 759))"
51,1100,147,1141,184,"POLYGON ((1141 147, 1141 184, 1100 184, 1100 147, 1141 147))"
52,1208,122,1226,143,"POLYGON ((1226 122, 1226 143, 1208 143, 1208 122, 1226 122))"
53,1221,83,1259,127,"POLYGON ((1259 83, 1259 127, 1221 127, 1221 83, 1259 83))"
54,1310,172,1343,205,"POLYGON ((1343 172, 1343 205, 1310 205, 1310 172, 1343 172))"
55,1260,160,1311,222,"POLYGON ((1311 160, 1311 222, 1260 222, 1260 160, 1311 160))"
56,1357,56,1389,89,"POLYGON ((1389 56, 1389 89, 1357 89, 1357 56, 1389 56))"
57,1395,1,1429,35,"POLYGON ((1429 1, 1429 35, 1395 35, 1395 1, 1429 1))"
58,838,781,868,818,"POLYGON ((868 781, 868 818, 838 818, 838 781, 868 781))"
59,835,1389,881,1427,"POLYGON ((881 1389, 881 1427, 835 1427, 835 1389, 881 1389))"
60,975,711,1068,805,"POLYGON ((1068 711, 1068 805, 975 805, 975 711, 1068 711))"
61,1328,713,1380,781,"POLYGON ((1380 713, 1380 781, 1328 781, 1328 713, 1380 713))"
62,1325,786,1404,848,"POLYGON ((1404 786, 1404 848, 1325 848, 1325 786, 1404 786))"
63,1385,625,1429,696,"POLYGON ((1429 625, 1429 696, 1385 696, 1385 625, 1429 625))"
64,1396,846,1429,910,"POLYGON ((1429 846, 1429 910, 1396 910, 1396 846, 1429 846))"
65,1399,1013,1429,1057,"POLYGON ((1429 1013, 1429 1057, 1399 1057, 1399 1013, 1429 1013))"
66,251,1351,308,1403,"POLYGON ((308 1351, 308 1403, 251 1403, 251 1351, 308 1351))"
67,1,1342,24,1367,"POLYGON ((24 1342, 24 1367, 1 1367, 1 1342, 24 1342))"
68,9,1307,40,1340,"POLYGON ((40 1307, 40 1340, 9 1340, 9 1307, 40 1307))"
69,42,1279,90,1329,"POLYGON ((90 1279, 90 1329, 42 1329, 42 1279, 90 1279))"
70,310,1076,347,1110,"POLYGON ((347 1076, 347 1110, 310 1110, 310 1076, 347 1076))"
71,569,301,605,339,"POLYGON ((605 301, 605 339, 569 339, 569 301, 605 301))"
72,613,297,677,365,"POLYGON ((677 297, 677 365, 613 365, 613 297, 677 297))"
73,1350,1,1391,41,"POLYGON ((1391 1, 1391 41, 1350 41, 1350 1, 1391 1))"
74,1268,4,1329,60,"POLYGON ((1329 4, 1329 60, 1268 60, 1268 4, 1329 4))"
75,1217,1,1262,30,"POLYGON ((1262 1, 1262 30, 1217 30, 1217 1, 1262 1))"
76,1076,1,1133,54,"POLYGON ((1133 1, 1133 54, 1076 54, 1076 1, 1133 1))"
77,971,66,1012,110,"POLYGON ((1012 66, 1012 110, 971 110, 971 66, 1012 66))"
78,1004,4,1076,66,"POLYGON ((1076 4, 1076 66, 1004 66, 1004 4, 1076 4))"
79,1,618,29,648,"POLYGON ((29 618, 29 648, 1 648, 1 618, 29 618))"
80,6,734,52,779,"POLYGON ((52 734, 52 779, 6 779, 6 734, 52 734))"
81,17,784,53,818,"POLYGON ((53 784, 53 818, 17 818, 17 784, 53 784))"
82,254,900,309,949,"POLYGON ((309 900, 309 949, 254 949, 254 900, 309 900))"
83,93,1143,143,1193,"POLYGON ((143 1143, 143 1193, 93 1193, 93 1143, 143 1143))"
84,202,1166,256,1214,"POLYGON ((256 1166, 256 1214, 202 1214, 202 1166, 256 1166))"
85,196,1202,235,1262,"POLYGON ((235 1202, 235 1262, 196 1262, 196 1202, 235 1202))"
86,151,1832,196,1864,"POLYGON ((196 1832, 196 1864, 151 1864, 151 1832, 196 1832))"
87,239,1835,276,1864,"POLYGON ((276 1835, 276 1864, 239 1864, 239 1835, 276 1835))"
88,344,1822,371,1855,"POLYGON ((371 1822, 371 1855, 344 1855, 344 1822, 371 1822))"
89,321,1774,374,1815,"POLYGON ((374 1774, 374 1815, 321 1815, 321 1774, 374 1774))"
90,1411,1199,1429,1233,"POLYGON ((1429 1199, 1429 1233, 1411 1233, 1411 1199, 1429 1199))"
91,1380,1238,1429,1294,"POLYGON ((1429 1238, 1429 1294, 1380 1294, 1380 1238, 1429 1238))"
92,1350,1334,1381,1371,"POLYGON ((1381 1334, 1381 1371, 1350 1371, 1350 1334, 1381 1334))"
93,1325,1287,1369,1330,"POLYGON ((1369 1287, 1369 1330, 1325 1330, 1325 1287, 1369 1287))"
94,1387,1294,1429,1339,"POLYGON ((1429 1294, 1429 1339, 1387 1339, 1387 1294, 1429 1294))"
95,1289,1322,1356,1398,"POLYGON ((1356 1322, 1356 1398, 1289 1398, 1289 1322, 1356 1322))"
96,1352,1414,1388,1461,"POLYGON ((1388 1414, 1388 1461, 1352 1461, 1352 1414, 1388 1414))"
97,1387,1428,1429,1478,"POLYGON ((1429 1428, 1429 1478, 1387 1478, 1387 1428, 1429 1428))"
98,1383,1493,1429,1547,"POLYGON ((1429 1493, 1429 1547, 1383 1547, 1383 1493, 1429 1493))"
99,1069,1451,1102,1485,"POLYGON ((1102 1451, 1102 1485, 1069 1485, 1069 1451, 1102 1451))"
100,1139,1504,1179,1541,"POLYGON ((1179 1504, 1179 1541, 1139 1541, 1139 1504, 1179 1504))"
101,1043,1394,1100,1455,"POLYGON ((1100 1394, 1100 1455, 1043 1455, 1043 1394, 1100 1394))"
102,1102,1400,1164,1460,"POLYGON ((1164 1400, 1164 1460, 1102 1460, 1102 1400, 1164 1400))"
103,1156,1398,1208,1461,"POLYGON ((1208 1398, 1208 1461, 1156 1461, 1156 1398, 1208 1398))"
104,1167,1461,1221,1521,"POLYGON ((1221 1461, 1221 1521, 1167 1521, 1167 1461, 1221 1461))"
105,796,1589,833,1621,"POLYGON ((833 1589, 833 1621, 796 1621, 796 1589, 833 1589))"
106,688,1460,723,1506,"POLYGON ((723 1460, 723 1506, 688 1506, 688 1460, 723 1460))"
107,768,1306,806,1331,"POLYGON ((806 1306, 806 1331, 768 1331, 768 1306, 806 1306))"
108,827,1269,879,1318,"POLYGON ((879 1269, 879 1318, 827 1318, 827 1269, 879 1269))"
109,857,1153,912,1201,"POLYGON ((912 1153, 912 1201, 857 1201, 857 1153, 912 1153))"
110,908,1185,946,1220,"POLYGON ((946 1185, 946 1220, 908 1220, 908 1185, 946 1185))"
111,945,1159,979,1193,"POLYGON ((979 1159, 979 1193, 945 1193, 945 1159, 979 1159))"
112,944,1188,982,1219,"POLYGON ((982 1188, 982 1219, 944 1219, 944 1188, 982 1188))"
113,950,1220,1002,1279,"POLYGON ((1002 1220, 1002 1279, 950 1279, 950 1220, 1002 1220))"
114,622,1098,651,1124,"POLYGON ((651 1098, 651 1124, 622 1124, 622 1098, 651 1098))"
115,609,1053,647,1094,"POLYGON ((647 1053, 647 1094, 609 1094, 609 1053, 647 1053))"
116,669,850,707,886,"POLYGON ((707 850, 707 886, 669 886, 669 850, 707 850))"
117,679,796,735,850,"POLYGON ((735 796, 735 850, 679 850, 679 796, 735 796))"
118,715,871,749,912,"POLYGON ((749 871, 749 912, 715 912, 715 871, 749 871))"
119,701,955,736,990,"POLYGON ((736 955, 736 990, 701 990, 701 955, 736 955))"
120,720,986,769,1031,"POLYGON ((769 986, 769 1031, 720 1031, 720 986, 769 986))"
121,775,988,813,1032,"POLYGON ((813 988, 813 1032, 775 1032, 775 988, 813 988))"
122,631,907,664,951,"POLYGON ((664 907, 664 951, 631 951, 631 907, 664 907))"
123,635,872,670,907,"POLYGON ((670 872, 670 907, 635 907, 635 872, 670 872))"
124,676,888,716,936,"POLYGON ((716 888, 716 936, 676 936, 676 888, 716 888))"
125,699,909,745,962,"POLYGON ((745 909, 745 962, 699 962, 699 909, 745 909))"
126,699,35,734,70,"POLYGON ((734 35, 734 70, 699 70, 699 35, 734 35))"
127,811,153,853,197,"POLYGON ((853 153, 853 197, 811 197, 811 153, 853 153))"
128,911,228,954,280,"POLYGON ((954 228, 954 280, 911 280, 911 228, 954 228))"
129,504,246,548,299,"POLYGON ((548 246, 548 299, 504 299, 504 246, 548 246))"
130,594,247,639,304,"POLYGON ((639 247, 639 304, 594 304, 594 247, 639 247))"
131,401,152,435,205,"POLYGON ((435 152, 435 205, 401 205, 401 152, 435 152))"
132,361,218,395,258,"POLYGON ((395 218, 395 258, 361 258, 361 218, 395 218))"
133,563,1,641,30,"POLYGON ((641 1, 641 30, 563 30, 563 1, 641 1))"
134,318,39,348,74,"POLYGON ((348 39, 348 74, 318 74, 318 39, 348 39))"
135,321,1,360,36,"POLYGON ((360 1, 360 36, 321 36, 321 1, 360 1))"
136,355,1,418,39,"POLYGON ((418 1, 418 39, 355 39, 355 1, 418 1))"
137,327,78,387,131,"POLYGON ((387 78, 387 131, 327 131, 327 78, 387 78))"
138,239,68,277,121,"POLYGON ((277 68, 277 121, 239 121, 239 68, 277 68))"
139,26,1,93,30,"POLYGON ((93 1, 93 30, 26 30, 26 1, 93 1))"
140,91,3,158,60,"POLYGON ((158 3, 158 60, 91 60, 91 3, 158 3))"
141,29,32,93,112,"POLYGON ((93 32, 93 112, 29 112, 29 32, 93 32))"
142,25,186,82,245,"POLYGON ((82 186, 82 245, 25 245, 25 186, 82 186))"
143,1,239,60,296,"POLYGON ((60 239, 60 296, 1 296, 1 239, 60 239))"
144,261,674,307,722,"POLYGON ((307 674, 307 722, 261 722, 261 674, 307 674))"
145,314,667,363,712,"POLYGON ((363 667, 363 712, 314 712, 314 667, 363 667))"
146,362,673,407,730,"POLYGON ((407 673, 407 730, 362 730, 362 673, 407 673))"
147,265,719,315,762,"POLYGON ((315 719, 315 762, 265 762, 265 719, 315 719))"
148,219,679,260,721,"POLYGON ((260 679, 260 721, 219 721, 219 679, 260 679))"
149,210,717,252,773,"POLYGON ((252 717, 252 773, 210 773, 210 717, 252 717))"
150,16,819,90,900,"POLYGON ((90 819, 90 900, 16 900, 16 819, 90 819))"
151,1,891,30,987,"POLYGON ((30 891, 30 987, 1 987, 1 891, 30 891))"
152,311,1242,361,1296,"POLYGON ((361 1242, 361 1296, 311 1296, 311 1242, 361 1242))"
153,302,1294,361,1346,"POLYGON ((361 1294, 361 1346, 302 1346, 302 1294, 361 1294))"
154,360,1416,392,1465,"POLYGON ((392 1416, 392 1465, 360 1465, 360 1416, 392 1416))"
155,606,1831,653,1864,"POLYGON ((653 1831, 653 1864, 606 1864, 606 1831, 653 1831))"
156,765,1832,803,1864,"POLYGON ((803 1832, 803 1864, 765 1864, 765 1832, 803 1832))"
157,720,1259,767,1296,"POLYGON ((767 1259, 767 1296, 720 1296, 720 1259, 767 1259))"
158,714,1375,744,1402,"POLYGON ((744 1375, 744 1402, 714 1402, 714 1375, 744 1375))"
159,733,1559,788,1598,"POLYGON ((788 1559, 788 1598, 733 1598, 733 1559, 788 1559))"
160,756,1174,803,1220,"POLYGON ((803 1174, 803 1220, 756 1220, 756 1174, 803 1174))"
161,741,1217,781,1255,"POLYGON ((781 1217, 781 1255, 741 1255, 741 1217, 781 1217))"
162,904,1213,945,1260,"POLYGON ((945 1213, 945 1260, 904 1260, 904 1213, 945 1213))"
163,661,988,699,1027,"POLYGON ((699 988, 699 1027, 661 1027, 661 988, 699 988))"
164,827,57,856,90,"POLYGON ((856 57, 856 90, 827 90, 827 57, 856 57))"
165,817,245,864,295,"POLYGON ((864 245, 864 295, 817 295, 817 245, 864 245))"
166,755,939,800,994,"POLYGON ((800 939, 800 994, 755 994, 755 939, 800 939))"
167,574,1562,613,1612,"POLYGON ((613 1562, 613 1612, 574 1612, 574 1562, 613 1562))"
168,656,1655,688,1686,"POLYGON ((688 1655, 688 1686, 656 1686, 656 1655, 688 1655))"
169,682,1668,716,1704,"POLYGON ((716 1668, 716 1704, 682 1704, 682 1668, 716 1668))"
170,710,1658,749,1696,"POLYGON ((749 1658, 749 1696, 710 1696, 710 1658, 749 1658))"
171,690,1699,728,1745,"POLYGON ((728 1699, 728 1745, 690 1745, 690 1699, 728 1699))"
172,1316,1510,1381,1564,"POLYGON ((1381 1510, 1381 1564, 1316 1564, 1316 1510, 1381 1510))"
173,1291,1577,1313,1600,"POLYGON ((1313 1577, 1313 1600, 1291 1600, 1291 1577, 1313 1577))"
174,1024,1573,1065,1615,"POLYGON ((1065 1573, 1065 1615, 1024 1615, 1024 1573, 1065 1573))"
175,975,1714,1005,1744,"POLYGON ((1005 1714, 1005 1744, 975 1744, 975 1714, 1005 1714))"
176,1306,1402,1349,1452,"POLYGON ((1349 1402, 1349 1452, 1306 1452, 1306 1402, 1349 1402))"
177,1289,1541,1311,1568,"POLYGON ((1311 1541, 1311 1568, 1289 1568, 1289 1541, 1311 1541))"
178,1315,1561,1350,1597,"POLYGON ((1350 1561, 1350 1597, 1315 1597, 1315 1561, 1350 1561))"
179,1354,1573,1386,1613,"POLYGON ((1386 1573, 1386 1613, 1354 1613, 1354 1573, 1386 1573))"
180,1302,1602,1330,1634,"POLYGON ((1330 1602, 1330 1634, 1302 1634, 1302 1602, 1330 1602))"
181,1285,1652,1305,1670,"POLYGON ((1305 1652, 1305 1670, 1285 1670, 1285 1652, 1305 1652))"
182,1249,1637,1286,1674,"POLYGON ((1286 1637, 1286 1674, 1249 1674, 1249 1637, 1286 1637))"
183,1268,1399,1308,1447,"POLYGON ((1308 1399, 1308 1447, 1268 1447, 1268 1399, 1308 1399))"
184,1354,1364,1398,1411,"POLYGON ((1398 1364, 1398 1411, 1354 1411, 1354 1364, 1398 1364))"
185,643,686,704,743,"POLYGON ((704 686, 704 743, 643 743, 643 686, 704 686))"
186,667,736,723,793,"POLYGON ((723 736, 723 793, 667 793, 667 736, 723 736))"
187,709,1293,764,1333,"POLYGON ((764 1293, 764 1333, 709 1333, 709 1293, 764 1293))"
188,1130,1830,1186,1864,"POLYGON ((1186 1830, 1186 1864, 1130 1864, 1130 1830, 1186 1830))"
189,1263,1676,1302,1704,"POLYGON ((1302 1676, 1302 1704, 1263 1704, 1263 1676, 1302 1676))"
190,1329,1668,1376,1722,"POLYGON ((1376 1668, 1376 1722, 1329 1722, 1329 1668, 1376 1668))"
191,1273,1706,1322,1763,"POLYGON ((1322 1706, 1322 1763, 1273 1763, 1273 1706, 1322 1706))"
192,1345,1729,1380,1763,"POLYGON ((1380 1729, 1380 1763, 1345 1763, 1345 1729, 1380 1729))"
193,1365,1831,1401,1864,"POLYGON ((1401 1831, 1401 1864, 1365 1864, 1365 1831, 1401 1831))"
194,1401,1834,1429,1864,"POLYGON ((1429 1834, 1429 1864, 1401 1864, 1401 1834, 1429 1834))"
195,1112,1756,1142,1789,"POLYGON ((1142 1756, 1142 1789, 1112 1789, 1112 1756, 1142 1756))"
196,1086,1775,1120,1816,"POLYGON ((1120 1775, 1120 1816, 1086 1816, 1086 1775, 1120 1775))"
197,1172,1544,1204,1579,"POLYGON ((1204 1544, 1204 1579, 1172 1579, 1172 1544, 1204 1544))"
198,1211,1456,1288,1529,"POLYGON ((1288 1456, 1288 1529, 1211 1529, 1211 1456, 1288 1456))"
199,1270,1447,1292,1473,"POLYGON ((1292 1447, 1292 1473, 1270 1473, 1270 1447, 1292 1447))"
200,1224,1374,1269,1423,"POLYGON ((1269 1374, 1269 1423, 1224 1423, 1224 1374, 1269 1374))"
201,1402,1319,1429,1373,"POLYGON ((1429 1319, 1429 1373, 1402 1373, 1402 1319, 1429 1319))"
202,1244,1228,1273,1257,"POLYGON ((1273 1228, 1273 1257, 1244 1257, 1244 1228, 1273 1228))"
203,1230,1191,1255,1220,"POLYGON ((1255 1191, 1255 1220, 1230 1220, 1230 1191, 1255 1191))"
204,1269,1137,1320,1197,"POLYGON ((1320 1137, 1320 1197, 1269 1197, 1269 1137, 1320 1137))"
205,1186,1104,1229,1164,"POLYGON ((1229 1104, 1229 1164, 1186 1164, 1186 1104, 1229 1104))"
206,1225,1101,1272,1151,"POLYGON ((1272 1101, 1272 1151, 1225 1151, 1225 1101, 1272 1101))"
207,1025,1125,1061,1165,"POLYGON ((1061 1125, 1061 1165, 1025 1165, 1025 1125, 1061 1125))"
208,1128,1170,1175,1215,"POLYGON ((1175 1170, 1175 1215, 1128 1215, 1128 1170, 1175 1170))"
209,1172,1204,1202,1247,"POLYGON ((1202 1204, 1202 1247, 1172 1247, 1172 1204, 1202 1204))"
210,712,1087,746,1119,"POLYGON ((746 1087, 746 1119, 712 1119, 712 1087, 746 1087))"
211,662,1027,710,1074,"POLYGON ((710 1027, 710 1074, 662 1074, 662 1027, 710 1027))"
212,822,934,876,990,"POLYGON ((876 934, 876 990, 822 990, 822 934, 876 934))"
213,789,1481,822,1522,"POLYGON ((822 1481, 822 1522, 789 1522, 789 1481, 822 1481))"
214,783,1524,828,1567,"POLYGON ((828 1524, 828 1567, 783 1567, 783 1524, 828 1524))"
215,823,1498,881,1549,"POLYGON ((881 1498, 881 1549, 823 1549, 823 1498, 881 1498))"
216,952,1796,997,1858,"POLYGON ((997 1796, 997 1858, 952 1858, 952 1796, 997 1796))"
217,990,1801,1032,1847,"POLYGON ((1032 1801, 1032 1847, 990 1847, 990 1801, 1032 1801))"
218,1033,1835,1083,1864,"POLYGON ((1083 1835, 1083 1864, 1033 1864, 1033 1835, 1083 1835))"
219,818,986,872,1028,"POLYGON ((872 986, 872 1028, 818 1028, 818 986, 872 986))"
220,874,879,922,924,"POLYGON ((922 879, 922 924, 874 924, 874 879, 922 879))"
221,965,802,1014,859,"POLYGON ((1014 802, 1014 859, 965 859, 965 802, 1014 802))"
222,1105,853,1148,892,"POLYGON ((1148 853, 1148 892, 1105 892, 1105 853, 1148 853))"
223,1147,902,1205,954,"POLYGON ((1205 902, 1205 954, 1147 954, 1147 902, 1205 902))"
224,1104,940,1167,988,"POLYGON ((1167 940, 1167 988, 1104 988, 1104 940, 1167 940))"
225,972,859,1090,956,"POLYGON ((1090 859, 1090 956, 972 956, 972 859, 1090 859))"
226,955,933,990,963,"POLYGON ((990 933, 990 963, 955 963, 955 933, 990 933))"
227,937,978,982,1018,"POLYGON ((982 978, 982 1018, 937 1018, 937 978, 982 978))"
228,1008,1010,1074,1058,"POLYGON ((1074 1010, 1074 1058, 1008 1058, 1008 1010, 1074 1010))"
229,995,1063,1070,1116,"POLYGON ((1070 1063, 1070 1116, 995 1116, 995 1063, 1070 1063))"
230,1224,876,1272,935,"POLYGON ((1272 876, 1272 935, 1224 935, 1224 876, 1272 876))"
231,1170,952,1229,1006,"POLYGON ((1229 952, 1229 1006, 1170 1006, 1170 952, 1229 952))"
232,1270,575,1315,618,"POLYGON ((1315 575, 1315 618, 1270 618, 1270 575, 1315 575))"
233,1206,470,1235,505,"POLYGON ((1235 470, 1235 505, 1206 505, 1206 470, 1235 470))"
234,1374,313,1429,395,"POLYGON ((1429 313, 1429 395, 1374 395, 1374 313, 1429 313))"
235,1359,241,1413,308,"POLYGON ((1413 241, 1413 308, 1359 308, 1359 241, 1413 241))"
236,840,296,887,350,"POLYGON ((887 296, 887 350, 840 350, 840 296, 887 296))"
237,871,339,920,388,"POLYGON ((920 339, 920 388, 871 388, 871 339, 920 339))"
238,865,385,912,429,"POLYGON ((912 385, 912 429, 865 429, 865 385, 912 385))"
239,857,534,909,589,"POLYGON ((909 534, 909 589, 857 589, 857 534, 909 534))"
240,818,473,872,547,"POLYGON ((872 473, 872 547, 818 547, 818 473, 872 473))"
241,816,557,857,602,"POLYGON ((857 557, 857 602, 816 602, 816 557, 857 557))"
242,439,431,477,473,"POLYGON ((477 431, 477 473, 439 473, 439 431, 477 431))"
243,436,472,480,522,"POLYGON ((480 472, 480 522, 436 522, 436 472, 480 472))"
244,434,537,476,581,"POLYGON ((476 537, 476 581, 434 581, 434 537, 476 537))"
245,506,612,549,663,"POLYGON ((549 612, 549 663, 506 663, 506 612, 549 612))"
246,585,649,616,682,"POLYGON ((616 649, 616 682, 585 682, 585 649, 616 649))"
247,606,671,648,722,"POLYGON ((648 671, 648 722, 606 722, 606 671, 648 671))"
248,800,847,829,873,"POLYGON ((829 847, 829 873, 800 873, 800 847, 829 847))"
249,776,824,811,868,"POLYGON ((811 824, 811 868, 776 868, 776 824, 811 824))"
250,749,868,805,938,"POLYGON ((805 868, 805 938, 749 938, 749 868, 805 868))"
251,435,910,485,967,"POLYGON ((485 910, 485 967, 435 967, 435 910, 485 910))"
252,457,969,506,1027,"POLYGON ((506 969, 506 1027, 457 1027, 457 969, 506 969))"
253,503,1016,564,1072,"POLYGON ((564 1016, 564 1072, 503 1072, 503 1016, 564 1016))"
254,637,1365,686,1431,"POLYGON ((686 1365, 686 1431, 637 1431, 637 1365, 686 1365))"
255,641,1453,686,1517,"POLYGON ((686 1453, 686 1517, 641 1517, 641 1453, 686 1453))"
256,425,1603,463,1645,"POLYGON ((463 1603, 463 1645, 425 1645, 425 1603, 463 1603))"
257,522,1542,563,1588,"POLYGON ((563 1542, 563 1588, 522 1588, 522 1542, 563 1542))"
258,595,1460,632,1514,"POLYGON ((632 1460, 632 1514, 595 1514, 595 1460, 632 1460))"
259,629,1118,663,1154,"POLYGON ((663 1118, 663 1154, 629 1154, 629 1118, 663 1118))"
260,632,1151,675,1197,"POLYGON ((675 1151, 675 1197, 632 1197, 632 1151, 675 1151))"
261,536,1190,587,1251,"POLYGON ((587 1190, 587 1251, 536 1251, 536 1190, 587 1190))"
262,483,1199,522,1238,"POLYGON ((522 1199, 522 1238, 483 1238, 483 1199, 522 1199))"
263,485,671,512,704,"POLYGON ((512 671, 512 704, 485 704, 485 671, 512 671))"
264,567,623,598,657,"POLYGON ((598 623, 598 657, 567 657, 567 623, 598 623))"
265,409,505,437,535,"POLYGON ((437 505, 437 535, 409 535, 409 505, 437 505))"
266,404,536,432,566,"POLYGON ((432 536, 432 566, 404 566, 404 536, 432 536))"
267,397,571,426,598,"POLYGON ((426 571, 426 598, 397 598, 397 571, 426 571))"
268,1387,35,1429,100,"POLYGON ((1429 35, 1429 100, 1387 100, 1387 35, 1429 35))"
269,158,762,232,844,"POLYGON ((232 762, 232 844, 158 844, 158 762, 232 762))"
270,316,122,364,163,"POLYGON ((364 122, 364 163, 316 163, 316 122, 364 122))"
271,271,130,316,166,"POLYGON ((316 130, 316 166, 271 166, 271 130, 316 130))"
272,688,76,729,113,"POLYGON ((729 76, 729 113, 688 113, 688 76, 729 76))"
273,647,65,688,104,"POLYGON ((688 65, 688 104, 647 104, 647 65, 688 65))"
274,665,112,719,172,"POLYGON ((719 112, 719 172, 665 172, 665 112, 719 112))"
275,663,163,716,218,"POLYGON ((716 163, 716 218, 663 218, 663 163, 716 163))"
276,632,220,691,273,"POLYGON ((691 220, 691 273, 632 273, 632 220, 691 220))"
277,733,554,785,595,"POLYGON ((785 554, 785 595, 733 595, 733 554, 785 554))"
278,975,959,1037,1007,"POLYGON ((1037 959, 1037 1007, 975 1007, 975 959, 1037 959))"
279,1275,1196,1325,1257,"POLYGON ((1325 1196, 1325 1257, 1275 1257, 1275 1196, 1325 1196))"
280,1199,1632,1262,1675,"POLYGON ((1262 1632, 1262 1675, 1199 1675, 1199 1632, 1262 1632))"
281,1269,1598,1303,1641,"POLYGON ((1303 1598, 1303 1641, 1269 1641, 1269 1598, 1303 1598))"
282,1204,1570,1254,1629,"POLYGON ((1254 1570, 1254 1629, 1204 1629, 1204 1570, 1254 1570))"
283,1207,1508,1262,1569,"POLYGON ((1262 1508, 1262 1569, 1207 1569, 1207 1508, 1262 1508))"
284,1168,1584,1209,1628,"POLYGON ((1209 1584, 1209 1628, 1168 1628, 1168 1584, 1209 1584))"
285,1010,1519,1064,1573,"POLYGON ((1064 1519, 1064 1573, 1010 1573, 1010 1519, 1064 1519))"
286,935,1544,977,1587,"POLYGON ((977 1544, 977 1587, 935 1587, 935 1544, 977 1544))"
287,967,1574,1013,1612,"POLYGON ((1013 1574, 1013 1612, 967 1612, 967 1574, 1013 1574))"
288,925,1613,1002,1674,"POLYGON ((1002 1613, 1002 1674, 925 1674, 925 1613, 1002 1613))"
289,916,1836,954,1864,"POLYGON ((954 1836, 954 1864, 916 1864, 916 1836, 954 1836))"
290,1074,1711,1110,1755,"POLYGON ((1110 1711, 1110 1755, 1074 1755, 1074 1711, 1110 1711))"
291,1116,1795,1153,1838,"POLYGON ((1153 1795, 1153 1838, 1116 1838, 1116 1795, 1153 1795))"
292,1300,1660,1335,1694,"POLYGON ((1335 1660, 1335 1694, 1300 1694, 1300 1660, 1335 1660))"
293,1112,1710,1153,1753,"POLYGON ((1153 1710, 1153 1753, 1112 1753, 1112 1710, 1153 1710))"
294,457,1816,515,1864,"POLYGON ((515 1816, 515 1864, 457 1864, 457 1816, 515 1816))"
295,489,1772,539,1825,"POLYGON ((539 1772, 539 1825, 489 1825, 489 1772, 539 1772))"
296,622,1657,657,1694,"POLYGON ((657 1657, 657 1694, 622 1694, 622 1657, 657 1657))"
297,445,1766,483,1813,"POLYGON ((483 1766, 483 1813, 445 1813, 445 1766, 483 1766))"
298,523,1494,568,1536,"POLYGON ((568 1494, 568 1536, 523 1536, 523 1494, 568 1494))"
299,563,1637,613,1688,"POLYGON ((613 1637, 613 1688, 563 1688, 563 1637, 613 1637))"
300,611,1596,676,1654,"POLYGON ((676 1596, 676 1654, 611 1654, 611 1596, 676 1596))"
301,680,1587,737,1659,"POLYGON ((737 1587, 737 1659, 680 1659, 680 1587, 737 1587))"
302,164,1243,198,1279,"POLYGON ((198 1243, 198 1279, 164 1279, 164 1243, 198 1243))"
303,152,1283,197,1315,"POLYGON ((197 1283, 197 1315, 152 1315, 152 1283, 197 1283))"
304,475,806,508,842,"POLYGON ((508 806, 508 842, 475 842, 475 806, 508 806))"
305,468,841,511,891,"POLYGON ((511 841, 511 891, 468 891, 468 841, 511 841))"
306,398,822,443,875,"POLYGON ((443 822, 443 875, 398 875, 398 822, 443 822))"
307,431,866,473,913,"POLYGON ((473 866, 473 913, 431 913, 431 866, 473 866))"
308,393,942,457,998,"POLYGON ((457 942, 457 998, 393 998, 393 942, 457 942))"
309,359,975,407,1018,"POLYGON ((407 975, 407 1018, 359 1018, 359 975, 407 975))"
310,392,1003,443,1047,"POLYGON ((443 1003, 443 1047, 392 1047, 392 1003, 443 1003))"
311,108,929,139,956,"POLYGON ((139 929, 139 956, 108 956, 108 929, 139 929))"
312,101,982,137,1014,"POLYGON ((137 982, 137 1014, 101 1014, 101 982, 137 982))"
313,152,697,201,753,"POLYGON ((201 697, 201 753, 152 753, 152 697, 201 697))"
314,259,377,337,462,"POLYGON ((337 377, 337 462, 259 462, 259 377, 337 377))"
315,1355,126,1429,211,"POLYGON ((1429 126, 1429 211, 1355 211, 1355 126, 1429 126))"
316,1,1019,51,1085,"POLYGON ((51 1019, 51 1085, 1 1085, 1 1019, 51 1019))"
317,571,1741,662,1831,"POLYGON ((662 1741, 662 1831, 571 1831, 571 1741, 662 1741))"
318,322,170,368,231,"POLYGON ((368 170, 368 231, 322 231, 322 170, 368 170))"
319,386,228,436,288,"POLYGON ((436 228, 436 288, 386 288, 386 228, 436 228))"
320,931,1,990,62,"POLYGON ((990 1, 990 62, 931 62, 931 1, 990 1))"
321,1178,731,1243,804,"POLYGON ((1243 731, 1243 804, 1178 804, 1178 731, 1243 731))"
322,1345,1079,1383,1131,"POLYGON ((1383 1079, 1383 1131, 1345 1131, 1345 1079, 1383 1079))"
323,1377,1056,1429,1115,"POLYGON ((1429 1056, 1429 1115, 1377 1115, 1377 1056, 1429 1056))"
324,976,1163,1037,1218,"POLYGON ((1037 1163, 1037 1218, 976 1218, 976 1163, 1037 1163))"
325,1385,1730,1429,1801,"POLYGON ((1429 1730, 1429 1801, 1385 1801, 1385 1730, 1429 1730))"
326,1396,1805,1429,1834,"POLYGON ((1429 1805, 1429 1834, 1396 1834, 1396 1805, 1429 1805))"
327,1133,1671,1193,1727,"POLYGON ((1193 1671, 1193 1727, 1133 1727, 1133 1671, 1193 1671))"
328,772,1135,812,1179,"POLYGON ((812 1135, 812 1179, 772 1179, 772 1135, 812 1135))"
329,822,1194,905,1275,"POLYGON ((905 1194, 905 1275, 822 1275, 822 1194, 905 1194))"
330,1114,704,1170,782,"POLYGON ((1170 704, 1170 782, 1114 782, 1114 704, 1170 704))"
331,1151,802,1189,843,"POLYGON ((1189 802, 1189 843, 1151 843, 1151 802, 1189 802))"
332,1005,618,1042,668,"POLYGON ((1042 618, 1042 668, 1005 668, 1005 618, 1042 618))"
333,1041,623,1085,669,"POLYGON ((1085 623, 1085 669, 1041 669, 1041 623, 1085 623))"
334,1034,668,1082,721,"POLYGON ((1082 668, 1082 721, 1034 721, 1034 668, 1082 668))"
335,1022,345,1070,383,"POLYGON ((1070 345, 1070 383, 1022 383, 1022 345, 1070 345))"
336,995,295,1038,347,"POLYGON ((1038 295, 1038 347, 995 347, 995 295, 1038 295))"
337,1192,313,1227,358,"POLYGON ((1227 313, 1227 358, 1192 358, 1192 313, 1227 313))"
338,1228,328,1285,394,"POLYGON ((1285 328, 1285 394, 1228 394, 1228 328, 1285 328))"
339,1143,404,1204,487,"POLYGON ((1204 404, 1204 487, 1143 487, 1143 404, 1204 404))"
340,25,465,71,492,"POLYGON ((71 465, 71 492, 25 492, 25 465, 71 465))"
341,23,412,65,465,"POLYGON ((65 412, 65 465, 23 465, 23 412, 65 412))"
342,130,385,166,419,"POLYGON ((166 385, 166 419, 130 419, 130 385, 166 385))"
343,133,419,179,467,"POLYGON ((179 419, 179 467, 133 467, 133 419, 179 419))"
344,191,358,234,395,"POLYGON ((234 358, 234 395, 191 395, 191 358, 234 358))"
345,85,815,128,862,"POLYGON ((128 815, 128 862, 85 862, 85 815, 128 815))"
346,1,1080,32,1103,"POLYGON ((32 1080, 32 1103, 1 1103, 1 1080, 32 1080))"
347,67,1773,109,1823,"POLYGON ((109 1773, 109 1823, 67 1823, 67 1773, 109 1773))"
348,43,1739,83,1782,"POLYGON ((83 1739, 83 1782, 43 1782, 43 1739, 83 1739))"
349,331,1576,384,1644,"POLYGON ((384 1576, 384 1644, 331 1644, 331 1576, 384 1576))"
350,400,1754,447,1812,"POLYGON ((447 1754, 447 1812, 400 1812, 400 1754, 447 1754))"
351,421,1819,456,1851,"POLYGON ((456 1819, 456 1851, 421 1851, 421 1819, 456 1819))"
352,573,1695,641,1750,"POLYGON ((641 1695, 641 1750, 573 1750, 573 1695, 641 1695))"
353,805,1542,872,1587,"POLYGON ((872 1542, 872 1587, 805 1587, 805 1542, 872 1542))"
354,886,999,954,1059,"POLYGON ((954 999, 954 1059, 886 1059, 886 999, 954 999))"
355,518,903,563,954,"POLYGON ((563 903, 563 954, 518 954, 518 903, 563 903))"
356,578,836,621,876,"POLYGON ((621 836, 621 876, 578 876, 578 836, 621 836))"
357,753,617,792,659,"POLYGON ((792 617, 792 659, 753 659, 753 617, 792 617))"
358,603,111,661,178,"POLYGON ((661 111, 661 178, 603 178, 603 111, 661 111))"
359,969,161,1027,232,"POLYGON ((1027 161, 1027 232, 969 232, 969 161, 1027 161))"
360,911,342,957,399,"POLYGON ((957 342, 957 399, 911 399, 911 342, 957 342))"
361,954,345,1019,392,"POLYGON ((1019 345, 1019 392, 954 392, 954 345, 1019 345))"
362,231,1,288,37,"POLYGON ((288 1, 288 37, 231 37, 231 1, 288 1))"
363,271,22,321,73,"POLYGON ((321 22, 321 73, 271 73, 271 22, 321 22))"
364,571,182,603,213,"POLYGON ((603 182, 603 213, 571 213, 571 182, 603 182))"
365,567,140,607,174,"POLYGON ((607 140, 607 174, 567 174, 567 140, 607 140))"
366,500,107,571,169,"POLYGON ((571 107, 571 169, 500 169, 500 107, 571 107))"
367,859,1,932,70,"POLYGON ((932 1, 932 70, 859 70, 859 1, 932 1))"
368,431,268,486,339,"POLYGON ((486 268, 486 339, 431 339, 431 268, 486 268))"
369,10,558,51,624,"POLYGON ((51 558, 51 624, 10 624, 10 558, 51 558))"
370,16,495,64,552,"POLYGON ((64 495, 64 552, 16 552, 16 495, 64 495))"
371,60,518,102,555,"POLYGON ((102 518, 102 555, 60 555, 60 518, 102 518))"
372,503,952,556,1013,"POLYGON ((556 952, 556 1013, 503 1013, 503 952, 556 952))"
373,477,895,517,945,"POLYGON ((517 895, 517 945, 477 945, 477 895, 517 895))"
374,295,966,356,1047,"POLYGON ((356 966, 356 1047, 295 1047, 295 966, 356 966))"
375,182,1002,258,1092,"POLYGON ((258 1002, 258 1092, 182 1092, 182 1002, 258 1002))"
376,194,1104,251,1168,"POLYGON ((251 1104, 251 1168, 194 1168, 194 1104, 251 1104))"
377,56,1825,94,1864,"POLYGON ((94 1825, 94 1864, 56 1864, 56 1825, 94 1825))"
378,1020,1616,1100,1693,"POLYGON ((1100 1616, 1100 1693, 1020 1693, 1020 1616, 1100 1616))"
379,1013,1680,1068,1752,"POLYGON ((1068 1680, 1068 1752, 1013 1752, 1013 1680, 1068 1680))"
380,1022,1752,1085,1826,"POLYGON ((1085 1752, 1085 1826, 1022 1826, 1022 1752, 1085 1752))"
381,544,1327,585,1366,"POLYGON ((585 1327, 585 1366, 544 1366, 544 1327, 585 1327))"
382,532,1368,632,1458,"POLYGON ((632 1368, 632 1458, 532 1458, 532 1368, 632 1368))"
383,887,787,942,830,"POLYGON ((942 787, 942 830, 887 830, 887 787, 942 787))"
384,666,350,723,392,"POLYGON ((723 350, 723 392, 666 392, 666 350, 723 350))"
385,1,92,65,192,"POLYGON ((65 92, 65 192, 1 192, 1 92, 65 92))"
386,268,163,313,211,"POLYGON ((313 163, 313 211, 268 211, 268 163, 313 163))"
387,347,38,383,83,"POLYGON ((383 38, 383 83, 347 83, 347 38, 383 38))"
388,382,36,436,102,"POLYGON ((436 36, 436 102, 382 102, 382 36, 436 36))"
389,436,128,493,179,"POLYGON ((493 128, 493 179, 436 179, 436 128, 493 128))"
390,652,1075,702,1121,"POLYGON ((702 1075, 702 1121, 652 1121, 652 1075, 702 1075))"
391,462,747,521,808,"POLYGON ((521 747, 521 808, 462 808, 462 747, 521 747))"
392,477,1584,531,1647,"POLYGON ((531 1584, 531 1647, 477 1647, 477 1584, 531 1584))"
393,674,1532,726,1594,"POLYGON ((726 1532, 726 1594, 674 1594, 674 1532, 726 1532))"
394,775,1376,829,1439,"POLYGON ((829 1376, 829 1439, 775 1439, 775 1376, 829 1376))"
395,431,801,468,842,"POLYGON ((468 801, 468 842, 431 842, 431 801, 468 801))"
396,812,1474,839,1497,"POLYGON ((839 1474, 839 1497, 812 1497, 812 1474, 839 1474))"
397,795,1453,821,1481,"POLYGON ((821 1453, 821 1481, 795 1481, 795 1453, 821 1453))"
398,640,1701,680,1751,"POLYGON ((680 1701, 680 1751, 640 1751, 640 1701, 680 1701))"
399,573,1843,602,1864,"POLYGON ((602 1843, 602 1864, 573 1864, 573 1843, 602 1843))"
400,719,1840,757,1864,"POLYGON ((757 1840, 757 1864, 719 1864, 719 1840, 757 1840))"
401,723,66,781,130,"POLYGON ((781 66, 781 130, 723 130, 723 66, 781 66))"
402,33,1332,74,1374,"POLYGON ((74 1332, 74 1374, 33 1374, 33 1332, 74 1332))"
403,815,876,872,938,"POLYGON ((872 876, 872 938, 815 938, 815 876, 872 876))"
404,1130,1104,1152,1127,"POLYGON ((1152 1104, 1152 1127, 1130 1127, 1130 1104, 1152 1104))"
405,1141,1077,1159,1103,"POLYGON ((1159 1077, 1159 1103, 1141 1103, 1141 1077, 1159 1077))"
406,1151,1336,1194,1373,"POLYGON ((1194 1336, 1194 1373, 1151 1373, 1151 1336, 1194 1336))"
407,1235,1336,1284,1379,"POLYGON ((1284 1336, 1284 1379, 1235 1379, 1235 1336, 1284 1336))"
408,1143,1760,1194,1814,"POLYGON ((1194 1760, 1194 1814, 1143 1814, 1143 1760, 1194 1760))"
409,589,1317,610,1340,"POLYGON ((610 1317, 610 1340, 589 1340, 589 1317, 610 1317))"
410,279,1057,316,1083,"POLYGON ((316 1057, 316 1083, 279 1083, 279 1057, 316 1057))"
411,370,717,395,744,"POLYGON ((395 717, 395 744, 370 744, 370 717, 395 717))"
412,306,629,317,641,"POLYGON ((317 629, 317 641, 306 641, 306 629, 317 629))"
413,316,630,326,641,"POLYGON ((326 630, 326 641, 316 641, 316 630, 326 630))"
414,322,620,334,633,"POLYGON ((334 620, 334 633, 322 633, 322 620, 334 620))"
415,1387,753,1429,806,"POLYGON ((1429 753, 1429 806, 1387 806, 1387 753, 1429 753))"
416,120,465,172,525,"POLYGON ((172 465, 172 525, 120 525, 120 465, 172 465))"
417,462,1404,532,1493,"POLYGON ((532 1404, 532 1493, 462 1493, 462 1404, 532 1404))"
418,687,1399,748,1460,"POLYGON ((748 1399, 748 1460, 687 1460, 687 1399, 748 1399))"
419,812,1316,870,1368,"POLYGON ((870 1316, 870 1368, 812 1368, 812 1316, 870 1316))"
420,1080,1810,1123,1860,"POLYGON ((1123 1810, 1123 1860, 1080 1860, 1080 1810, 1123 1810))"
421,1177,1798,1220,1843,"POLYGON ((1220 1798, 1220 1843, 1177 1843, 1177 1798, 1220 1798))"
422,1259,1826,1302,1864,"POLYGON ((1302 1826, 1302 1864, 1259 1864, 1259 1826, 1302 1826))"
423,1221,1811,1258,1855,"POLYGON ((1258 1811, 1258 1855, 1221 1855, 1221 1811, 1258 1811))"
424,1306,1831,1349,1864,"POLYGON ((1349 1831, 1349 1864, 1306 1864, 1306 1831, 1349 1831))"
425,1198,1204,1240,1255,"POLYGON ((1240 1204, 1240 1255, 1198 1255, 1198 1204, 1240 1204))"
426,892,193,913,220,"POLYGON ((913 193, 913 220, 892 220, 892 193, 913 193))"
427,915,170,975,227,"POLYGON ((975 170, 975 227, 915 227, 915 170, 975 170))"
428,195,1840,222,1864,"POLYGON ((222 1840, 222 1864, 195 1864, 195 1840, 222 1840))"
429,421,1456,457,1490,"POLYGON ((457 1456, 457 1490, 421 1490, 421 1456, 457 1456))"
430,438,1500,466,1537,"POLYGON ((466 1500, 466 1537, 438 1537, 438 1500, 466 1500))"
431,345,1539,390,1581,"POLYGON ((390 1539, 390 1581, 345 1581, 345 1539, 390 1539))"
432,224,1281,259,1316,"POLYGON ((259 1281, 259 1316, 224 1316, 224 1281, 259 1281))"
433,484,529,521,568,"POLYGON ((521 529, 521 568, 484 568, 484 529, 521 529))"
434,580,988,645,1054,"POLYGON ((645 988, 645 1054, 580 1054, 580 988, 645 988))"
435,1282,1497,1318,1539,"POLYGON ((1318 1497, 1318 1539, 1282 1539, 1282 1497, 1318 1497))"
436,1327,913,1421,1014,"POLYGON ((1421 913, 1421 1014, 1327 1014, 1327 913, 1421 913))"
437,1208,417,1264,474,"POLYGON ((1264 417, 1264 474, 1208 474, 1208 417, 1264 417))"
438,960,472,1032,560,"POLYGON ((1032 472, 1032 560, 960 560, 960 472, 1032 472))"
439,301,1486,355,1543,"POLYGON ((355 1486, 355 1543, 301 1543, 301 1486, 355 1486))"
440,725,1748,760,1788,"POLYGON ((760 1748, 760 1788, 725 1788, 725 1748, 760 1748))"
441,699,1171,750,1235,"POLYGON ((750 1171, 750 1235, 699 1235, 699 1171, 750 1171))"
442,1082,759,1128,813,"POLYGON ((1128 759, 1128 813, 1082 813, 1082 759, 1128 759))"
443,1180,661,1242,728,"POLYGON ((1242 661, 1242 728, 1180 728, 1180 661, 1242 661))"
444,1200,1254,1285,1326,"POLYGON ((1285 1254, 1285 1326, 1200 1326, 1200 1254, 1285 1254))"
445,480,1265,523,1318,"POLYGON ((523 1265, 523 1318, 480 1318, 480 1265, 523 1265))"
446,420,382,452,413,"POLYGON ((452 382, 452 413, 420 413, 420 382, 452 382))"
447,1,1233,30,1303,"POLYGON ((30 1233, 30 1303, 1 1303, 1 1233, 30 1233))"
448,605,1328,643,1367,"POLYGON ((643 1328, 643 1367, 605 1367, 605 1328, 643 1328))"
449,1256,1786,1298,1827,"POLYGON ((1298 1786, 1298 1827, 1256 1827, 1256 1786, 1298 1786))"
450,1204,1677,1264,1751,"POLYGON ((1264 1677, 1264 1751, 1204 1751, 1204 1677, 1264 1677))"
451,219,184,279,242,"POLYGON ((279 184, 279 242, 219 242, 219 184, 279 184))"
452,206,320,240,353,"POLYGON ((240 320, 240 353, 206 353, 206 320, 240 320))"
453,37,1435,77,1483,"POLYGON ((77 1435, 77 1483, 37 1483, 37 1435, 77 1435))"
454,66,1479,98,1517,"POLYGON ((98 1479, 98 1517, 66 1517, 66 1479, 98 1479))"
455,477,1710,537,1771,"POLYGON ((537 1710, 537 1771, 477 1771, 477 1710, 537 1710))"
456,1367,1692,1414,1740,"POLYGON ((1414 1692, 1414 1740, 1367 1740, 1367 1692, 1414 1692))"
457,883,1058,940,1114,"POLYGON ((940 1058, 940 1114, 883 1114, 883 1058, 940 1058))"
458,119,147,152,185,"POLYGON ((152 147, 152 185, 119 185, 119 147, 152 147))"
459,309,240,361,283,"POLYGON ((361 240, 361 283, 309 283, 309 240, 361 240))"
460,243,248,295,297,"POLYGON ((295 248, 295 297, 243 297, 243 248, 295 248))"
461,39,1187,88,1226,"POLYGON ((88 1187, 88 1226, 39 1226, 39 1187, 88 1187))"
462,528,1145,560,1178,"POLYGON ((560 1145, 560 1178, 528 1178, 528 1145, 560 1145))"
463,564,1145,598,1178,"POLYGON ((598 1145, 598 1178, 564 1178, 564 1145, 598 1145))"
464,599,1146,625,1182,"POLYGON ((625 1146, 625 1182, 599 1182, 599 1146, 625 1146))"
465,708,1119,755,1163,"POLYGON ((755 1119, 755 1163, 708 1163, 708 1119, 755 1119))"
466,531,184,575,227,"POLYGON ((575 184, 575 227, 531 227, 531 184, 575 184))"
467,536,1450,586,1502,"POLYGON ((586 1450, 586 1502, 536 1502, 536 1450, 586 1450))"
468,824,1599,873,1639,"POLYGON ((873 1599, 873 1639, 824 1639, 824 1599, 873 1599))"
469,898,1585,951,1625,"POLYGON ((951 1585, 951 1625, 898 1625, 898 1585, 951 1585))"
470,879,1529,927,1585,"POLYGON ((927 1529, 927 1585, 879 1585, 879 1529, 927 1529))"
471,1166,1721,1208,1766,"POLYGON ((1208 1721, 1208 1766, 1166 1766, 1166 1721, 1208 1721))"
472,1354,1757,1393,1822,"POLYGON ((1393 1757, 1393 1822, 1354 1822, 1354 1757, 1393 1757))"
473,1309,1793,1338,1829,"POLYGON ((1338 1793, 1338 1829, 1309 1829, 1309 1793, 1338 1793))"
474,1365,580,1401,624,"POLYGON ((1401 580, 1401 624, 1365 624, 1365 580, 1401 580))"
475,857,748,900,791,"POLYGON ((900 748, 900 791, 857 791, 857 748, 900 748))"
476,854,1687,910,1754,"POLYGON ((910 1687, 910 1754, 854 1754, 854 1687, 910 1687))"
477,654,1315,697,1352,"POLYGON ((697 1315, 697 1352, 654 1352, 654 1315, 697 1315))"
478,586,1188,651,1268,"POLYGON ((651 1188, 651 1268, 586 1268, 586 1188, 651 1188))"
479,457,1216,498,1268,"POLYGON ((498 1216, 498 1268, 457 1268, 457 1216, 498 1216))"
480,252,1167,296,1213,"POLYGON ((296 1167, 296 1213, 252 1213, 252 1167, 296 1167))"
481,252,1078,301,1120,"POLYGON ((301 1078, 301 1120, 252 1120, 252 1078, 301 1078))"
482,5,1103,55,1144,"POLYGON ((55 1103, 55 1144, 5 1144, 5 1103, 55 1103))"
483,1,1151,43,1191,"POLYGON ((43 1151, 43 1191, 1 1191, 1 1151, 43 1151))"
484,218,1459,247,1487,"POLYGON ((247 1459, 247 1487, 218 1487, 218 1459, 247 1459))"
485,160,1461,193,1500,"POLYGON ((193 1461, 193 1500, 160 1500, 160 1461, 193 1461))"
486,189,1476,229,1516,"POLYGON ((229 1476, 229 1516, 189 1516, 189 1476, 229 1476))"
487,197,1582,228,1621,"POLYGON ((228 1582, 228 1621, 197 1621, 197 1582, 228 1582))"
488,283,1538,337,1588,"POLYGON ((337 1538, 337 1588, 283 1588, 283 1538, 337 1538))"
489,390,1555,433,1595,"POLYGON ((433 1555, 433 1595, 390 1595, 390 1555, 433 1555))"
490,386,1594,411,1626,"POLYGON ((411 1594, 411 1626, 386 1626, 386 1594, 411 1594))"
491,316,1742,346,1770,"POLYGON ((346 1742, 346 1770, 316 1770, 316 1742, 346 1742))"
492,747,1655,794,1699,"POLYGON ((794 1655, 794 1699, 747 1699, 747 1655, 794 1655))"
493,777,1695,812,1730,"POLYGON ((812 1695, 812 1730, 777 1730, 777 1695, 812 1695))"
494,813,1722,845,1765,"POLYGON ((845 1722, 845 1765, 813 1765, 813 1722, 845 1722))"
495,1084,1214,1124,1253,"POLYGON ((1124 1214, 1124 1253, 1084 1253, 1084 1214, 1124 1214))"
496,1115,1260,1146,1292,"POLYGON ((1146 1260, 1146 1292, 1115 1292, 1115 1260, 1146 1260))"
497,1148,1250,1191,1294,"POLYGON ((1191 1250, 1191 1294, 1148 1294, 1148 1250, 1191 1250))"
498,1100,888,1145,945,"POLYGON ((1145 888, 1145 945, 1100 945, 1100 888, 1145 888))"
499,1222,482,1281,550,"POLYGON ((1281 482, 1281 550, 1222 550, 1222 482, 1281 482))"
500,332,280,389,330,"POLYGON ((389 280, 389 330, 332 330, 332 280, 389 280))"
501,425,409,452,438,"POLYGON ((452 409, 452 438, 425 438, 425 409, 452 409))"
502,325,466,366,511,"POLYGON ((366 466, 366 511, 325 511, 325 466, 366 466))"
503,139,1012,166,1051,"POLYGON ((166 1012, 166 1051, 139 1051, 139 1012, 166 1012))"
504,49,1043,95,1089,"POLYGON ((95 1043, 95 1089, 49 1089, 49 1043, 95 1043))"
505,119,1108,156,1143,"POLYGON ((156 1108, 156 1143, 119 1143, 119 1108, 156 1108))"
506,110,1068,160,1112,"POLYGON ((160 1068, 160 1112, 110 1112, 110 1068, 160 1068))"
507,156,1103,192,1134,"POLYGON ((192 1103, 192 1134, 156 1134, 156 1103, 192 1103))"
508,158,1071,197,1103,"POLYGON ((197 1071, 197 1103, 158 1103, 158 1071, 197 1071))"
509,183,1822,207,1840,"POLYGON ((207 1822, 207 1840, 183 1840, 183 1822, 207 1822))"
510,168,1779,207,1818,"POLYGON ((207 1779, 207 1818, 168 1818, 168 1779, 207 1779))"
511,209,1706,255,1758,"POLYGON ((255 1706, 255 1758, 209 1758, 209 1706, 255 1706))"
512,228,1624,261,1657,"POLYGON ((261 1624, 261 1657, 228 1657, 228 1624, 261 1624))"
513,213,1654,274,1711,"POLYGON ((274 1654, 274 1711, 213 1711, 213 1654, 274 1654))"
514,265,1627,330,1699,"POLYGON ((330 1627, 330 1699, 265 1699, 265 1627, 330 1627))"
515,151,1,214,66,"POLYGON ((214 1, 214 66, 151 66, 151 1, 214 1))"
516,153,133,217,209,"POLYGON ((217 133, 217 209, 153 209, 153 133, 217 133))"
517,88,759,137,820,"POLYGON ((137 759, 137 820, 88 820, 88 759, 137 759))"
518,76,712,135,767,"POLYGON ((135 712, 135 767, 76 767, 76 712, 135 712))"
519,53,759,92,812,"POLYGON ((92 759, 92 812, 53 812, 53 759, 92 759))"
520,224,1795,271,1830,"POLYGON ((271 1795, 271 1830, 224 1830, 224 1795, 271 1795))"
521,485,1120,513,1160,"POLYGON ((513 1120, 513 1160, 485 1160, 485 1120, 513 1120))"
522,428,1120,483,1174,"POLYGON ((483 1120, 483 1174, 428 1174, 428 1120, 483 1120))"
523,382,1147,428,1193,"POLYGON ((428 1147, 428 1193, 382 1193, 382 1147, 428 1147))"
524,393,722,450,783,"POLYGON ((450 722, 450 783, 393 783, 393 722, 450 722))"
525,774,351,806,383,"POLYGON ((806 351, 806 383, 774 383, 774 351, 806 351))"
526,794,323,827,359,"POLYGON ((827 323, 827 359, 794 359, 794 323, 827 323))"
527,737,310,777,346,"POLYGON ((777 310, 777 346, 737 346, 737 310, 777 310))"
528,741,343,771,381,"POLYGON ((771 343, 771 381, 741 381, 741 343, 771 343))"
529,706,378,759,445,"POLYGON ((759 378, 759 445, 706 445, 706 378, 759 378))"
530,711,446,754,483,"POLYGON ((754 446, 754 483, 711 483, 711 446, 754 446))"
531,738,493,761,515,"POLYGON ((761 493, 761 515, 738 515, 738 493, 761 493))"
532,740,512,765,541,"POLYGON ((765 512, 765 541, 740 541, 740 512, 765 512))"
533,894,655,943,711,"POLYGON ((943 655, 943 711, 894 711, 894 655, 943 655))"
534,695,631,756,699,"POLYGON ((756 631, 756 699, 695 699, 695 631, 756 631))"
535,858,1635,902,1687,"POLYGON ((902 1635, 902 1687, 858 1687, 858 1635, 902 1635))"
536,1394,1111,1429,1158,"POLYGON ((1429 1111, 1429 1158, 1394 1158, 1394 1111, 1429 1111))"
537,1356,1134,1391,1169,"POLYGON ((1391 1134, 1391 1169, 1356 1169, 1356 1134, 1391 1134))"
538,1387,1158,1414,1187,"POLYGON ((1414 1158, 1414 1187, 1387 1187, 1387 1158, 1414 1158))"
539,1297,1043,1343,1089,"POLYGON ((1343 1043, 1343 1089, 1297 1089, 1297 1043, 1343 1043))"
540,929,825,962,864,"POLYGON ((962 825, 962 864, 929 864, 929 825, 962 825))"
541,820,1031,874,1085,"POLYGON ((874 1031, 874 1085, 820 1085, 820 1031, 874 1031))"
542,381,1724,419,1768,"POLYGON ((419 1724, 419 1768, 381 1768, 381 1724, 419 1724))"
543,108,1287,144,1323,"POLYGON ((144 1287, 144 1323, 108 1323, 108 1287, 144 1287))"
544,89,1204,157,1272,"POLYGON ((157 1204, 157 1272, 89 1272, 89 1204, 157 1204))"
545,64,1567,101,1597,"POLYGON ((101 1567, 101 1597, 64 1597, 64 1567, 101 1567))"
546,68,1604,98,1636,"POLYGON ((98 1604, 98 1636, 68 1636, 68 1604, 98 1604))"
547,92,1623,132,1658,"POLYGON ((132 1623, 132 1658, 92 1658, 92 1623, 132 1623))"
548,932,1113,977,1162,"POLYGON ((977 1113, 977 1162, 932 1162, 932 1113, 977 1113))"
549,1054,716,1101,761,"POLYGON ((1101 716, 1101 761, 1054 761, 1054 716, 1101 716))"
550,1351,508,1419,577,"POLYGON ((1419 508, 1419 577, 1351 577, 1351 508, 1419 508))"
551,1403,557,1429,619,"POLYGON ((1429 557, 1429 619, 1403 619, 1403 557, 1429 557))"
552,1403,263,1429,326,"POLYGON ((1429 263, 1429 326, 1403 326, 1403 263, 1429 263))"
553,413,195,462,244,"POLYGON ((462 195, 462 244, 413 244, 413 195, 462 195))"
554,1304,1766,1328,1797,"POLYGON ((1328 1766, 1328 1797, 1304 1797, 1304 1766, 1328 1766))"
555,1323,1618,1368,1660,"POLYGON ((1368 1618, 1368 1660, 1323 1660, 1323 1618, 1368 1618))"
556,1094,1486,1136,1527,"POLYGON ((1136 1486, 1136 1527, 1094 1527, 1094 1486, 1136 1486))"
557,1,1791,68,1864,"POLYGON ((68 1791, 68 1864, 1 1864, 1 1791, 68 1791))"
558,146,1313,207,1364,"POLYGON ((207 1313, 207 1364, 146 1364, 146 1313, 207 1313))"
559,841,825,880,871,"POLYGON ((880 825, 880 871, 841 871, 841 825, 880 825))"
560,869,173,897,200,"POLYGON ((897 173, 897 200, 869 200, 869 173, 897 173))"
561,842,174,876,201,"POLYGON ((876 174, 876 201, 842 201, 842 174, 876 174))"
562,858,206,889,231,"POLYGON ((889 206, 889 231, 858 231, 858 206, 889 206))"
563,1064,170,1104,204,"POLYGON ((1104 170, 1104 204, 1064 204, 1064 170, 1104 170))"
564,1052,126,1096,167,"POLYGON ((1096 126, 1096 167, 1052 167, 1052 126, 1096 126))"
565,1265,132,1299,160,"POLYGON ((1299 132, 1299 160, 1265 160, 1265 132, 1299 132))"
566,1215,239,1250,271,"POLYGON ((1250 239, 1250 271, 1215 271, 1215 239, 1250 239))"
567,870,238,902,271,"POLYGON ((902 238, 902 271, 870 271, 870 238, 902 238))"
568,548,235,590,288,"POLYGON ((590 235, 590 288, 548 288, 548 235, 590 235))"
569,478,191,527,248,"POLYGON ((527 191, 527 248, 478 248, 478 191, 527 191))"
570,752,436,792,474,"POLYGON ((792 436, 792 474, 752 474, 752 436, 792 436))"
571,768,665,808,704,"POLYGON ((808 665, 808 704, 768 704, 768 665, 808 665))"
572,297,1591,330,1627,"POLYGON ((330 1591, 330 1627, 297 1627, 297 1591, 330 1591))"
573,397,1627,432,1659,"POLYGON ((432 1627, 432 1659, 397 1659, 397 1627, 432 1627))"
574,434,1650,487,1698,"POLYGON ((487 1650, 487 1698, 434 1698, 434 1650, 487 1650))"
575,1192,1421,1241,1466,"POLYGON ((1241 1421, 1241 1466, 1192 1466, 1192 1421, 1241 1421))"
576,926,282,980,337,"POLYGON ((980 282, 980 337, 926 337, 926 282, 980 282))"
577,423,342,470,384,"POLYGON ((470 342, 470 384, 423 384, 423 342, 470 342))"
578,167,582,210,630,"POLYGON ((210 582, 210 630, 167 630, 167 582, 210 582))"
579,204,951,243,992,"POLYGON ((243 951, 243 992, 204 992, 204 951, 243 951))"
580,724,1785,776,1827,"POLYGON ((776 1785, 776 1827, 724 1827, 724 1785, 776 1785))"
581,598,1278,647,1319,"POLYGON ((647 1278, 647 1319, 598 1319, 598 1278, 647 1278))"
582,524,1252,592,1324,"POLYGON ((592 1252, 592 1324, 524 1324, 524 1252, 592 1252))"
583,1290,473,1354,540,"POLYGON ((1354 473, 1354 540, 1290 540, 1290 473, 1354 473))"
584,184,73,209,99,"POLYGON ((209 73, 209 99, 184 99, 184 73, 209 73))"
585,212,112,268,174,"POLYGON ((268 112, 268 174, 212 174, 212 112, 268 112))"
586,268,79,319,133,"POLYGON ((319 79, 319 133, 268 133, 268 79, 319 79))"
587,87,391,125,425,"POLYGON ((125 391, 125 425, 87 425, 87 391, 125 391))"
588,307,790,341,821,"POLYGON ((341 790, 341 821, 307 821, 307 790, 341 790))"
589,300,819,329,859,"POLYGON ((329 819, 329 859, 300 859, 300 819, 329 819))"
590,307,889,383,964,"POLYGON ((383 889, 383 964, 307 964, 307 889, 383 889))"
591,343,1042,404,1116,"POLYGON ((404 1042, 404 1116, 343 1116, 343 1042, 404 1042))"
592,69,554,123,607,"POLYGON ((123 554, 123 607, 69 607, 69 554, 123 554))"
593,67,657,130,697,"POLYGON ((130 657, 130 697, 67 697, 67 657, 130 657))"
594,493,1158,525,1196,"POLYGON ((525 1158, 525 1196, 493 1196, 493 1158, 525 1158))"
595,1029,1471,1078,1524,"POLYGON ((1078 1471, 1078 1524, 1029 1524, 1029 1471, 1078 1471))"
596,1383,1610,1429,1655,"POLYGON ((1429 1610, 1429 1655, 1383 1655, 1383 1610, 1429 1610))"
597,1388,1543,1429,1594,"POLYGON ((1429 1543, 1429 1594, 1388 1594, 1388 1543, 1429 1543))"
598,1065,1308,1132,1365,"POLYGON ((1132 1308, 1132 1365, 1065 1365, 1065 1308, 1132 1308))"
599,1085,1349,1152,1405,"POLYGON ((1152 1349, 1152 1405, 1085 1405, 1085 1349, 1152 1349))"
600,980,1397,1041,1469,"POLYGON ((1041 1397, 1041 1469, 980 1469, 980 1397, 1041 1397))"
601,942,1449,974,1474,"POLYGON ((974 1449, 974 1474, 942 1474, 942 1449, 974 1449))"
602,925,1478,1002,1544,"POLYGON ((1002 1478, 1002 1544, 925 1544, 925 1478, 1002 1478))"
603,1154,1123,1190,1167,"POLYGON ((1190 1123, 1190 1167, 1154 1167, 1154 1123, 1190 1123))"
604,1018,390,1068,438,"POLYGON ((1068 390, 1068 438, 1018 438, 1018 390, 1068 390))"
605,1039,432,1080,472,"POLYGON ((1080 432, 1080 472, 1039 472, 1039 432, 1080 432))"
606,1094,439,1131,476,"POLYGON ((1131 439, 1131 476, 1094 476, 1094 439, 1131 439))"
607,1102,474,1165,518,"POLYGON ((1165 474, 1165 518, 1102 518, 1102 474, 1165 474))"
608,1154,503,1215,565,"POLYGON ((1215 503, 1215 565, 1154 565, 1154 503, 1215 503))"
609,1090,354,1151,414,"POLYGON ((1151 354, 1151 414, 1090 414, 1090 354, 1151 354))"
610,1152,308,1180,337,"POLYGON ((1180 308, 1180 337, 1152 337, 1152 308, 1180 308))"
611,1153,340,1203,396,"POLYGON ((1203 340, 1203 396, 1153 396, 1153 340, 1203 340))"
612,1156,34,1208,88,"POLYGON ((1208 34, 1208 88, 1156 88, 1156 34, 1208 34))"
613,1171,91,1205,136,"POLYGON ((1205 91, 1205 136, 1171 136, 1171 91, 1205 91))"
614,1127,1,1177,39,"POLYGON ((1177 1, 1177 39, 1127 39, 1127 1, 1177 1))"
615,71,269,140,342,"POLYGON ((140 269, 140 342, 71 342, 71 269, 140 269))"
616,894,615,940,655,"POLYGON ((940 615, 940 655, 894 655, 894 615, 940 615))"
617,1239,1158,1268,1188,"POLYGON ((1268 1158, 1268 1188, 1239 1188, 1239 1158, 1268 1158))"
618,1323,1234,1377,1285,"POLYGON ((1377 1234, 1377 1285, 1323 1285, 1323 1234, 1377 1234))"
619,1076,1674,1112,1716,"POLYGON ((1112 1674, 1112 1716, 1076 1716, 1076 1674, 1112 1674))"
620,794,770,833,817,"POLYGON ((833 770, 833 817, 794 817, 794 770, 833 770))"
621,520,664,549,688,"POLYGON ((549 664, 549 688, 520 688, 520 664, 549 664))"
622,211,912,248,947,"POLYGON ((248 912, 248 947, 211 947, 211 912, 248 912))"
623,324,1109,386,1176,"POLYGON ((386 1109, 386 1176, 324 1176, 324 1109, 386 1109))"
624,21,1674,62,1723,"POLYGON ((62 1674, 62 1723, 21 1723, 21 1674, 62 1674))"
625,1309,133,1345,172,"POLYGON ((1345 133, 1345 172, 1309 172, 1309 133, 1345 133))"
626,1107,206,1144,239,"POLYGON ((1144 206, 1144 239, 1107 239, 1107 206, 1144 206))"
627,1138,167,1170,206,"POLYGON ((1170 167, 1170 206, 1138 206, 1138 167, 1170 167))"
628,1132,668,1170,707,"POLYGON ((1170 668, 1170 707, 1132 707, 1132 668, 1170 668))"
629,1019,64,1086,127,"POLYGON ((1086 64, 1086 127, 1019 127, 1019 64, 1086 64))"
630,716,130,775,193,"POLYGON ((775 130, 775 193, 716 193, 716 130, 775 130))"
631,920,537,975,596,"POLYGON ((975 537, 975 596, 920 596, 920 537, 975 537))"
632,944,705,980,744,"POLYGON ((980 705, 980 744, 944 744, 944 705, 980 705))"
633,1070,1059,1107,1101,"POLYGON ((1107 1059, 1107 1101, 1070 1101, 1070 1059, 1107 1059))"
634,434,1294,483,1341,"POLYGON ((483 1294, 483 1341, 434 1341, 434 1294, 483 1294))"
635,446,1348,498,1410,"POLYGON ((498 1348, 498 1410, 446 1410, 446 1348, 498 1348))"
636,301,1349,360,1412,"POLYGON ((360 1349, 360 1412, 301 1412, 301 1349, 360 1349))"
637,356,1464,419,1534,"POLYGON ((419 1464, 419 1534, 356 1534, 356 1464, 419 1464))"
638,958,1747,1008,1799,"POLYGON ((1008 1747, 1008 1799, 958 1799, 958 1747, 1008 1747))"
639,1324,1458,1375,1510,"POLYGON ((1375 1458, 1375 1510, 1324 1510, 1324 1458, 1375 1458))"
640,1189,1168,1226,1209,"POLYGON ((1226 1168, 1226 1209, 1189 1209, 1189 1168, 1226 1168))"
641,1126,1215,1168,1258,"POLYGON ((1168 1215, 1168 1258, 1126 1258, 1126 1215, 1168 1215))"
642,956,1010,1004,1060,"POLYGON ((1004 1010, 1004 1060, 956 1060, 956 1010, 1004 1010))"
643,942,1058,989,1111,"POLYGON ((989 1058, 989 1111, 942 1111, 942 1058, 989 1058))"
644,805,813,845,850,"POLYGON ((845 813, 845 850, 805 850, 805 813, 845 813))"
645,863,712,900,747,"POLYGON ((900 712, 900 747, 863 747, 863 712, 900 712))"
646,702,693,755,735,"POLYGON ((755 693, 755 735, 702 735, 702 693, 755 693))"
647,488,294,521,333,"POLYGON ((521 294, 521 333, 488 333, 488 294, 521 294))"
648,101,435,131,470,"POLYGON ((131 435, 131 470, 101 470, 101 435, 131 435))"
649,22,952,56,981,"POLYGON ((56 952, 56 981, 22 981, 22 952, 56 952))"
650,29,981,67,1020,"POLYGON ((67 981, 67 1020, 29 1020, 29 981, 67 981))"
651,134,1134,198,1203,"POLYGON ((198 1134, 198 1203, 134 1203, 134 1134, 198 1134))"
652,1,1379,67,1445,"POLYGON ((67 1379, 67 1445, 1 1445, 1 1379, 67 1379))"
653,2,1718,35,1768,"POLYGON ((35 1718, 35 1768, 2 1768, 2 1718, 35 1718))"
654,536,1798,588,1847,"POLYGON ((588 1798, 588 1847, 536 1847, 536 1798, 588 1798))"
655,755,1725,805,1774,"POLYGON ((805 1725, 805 1774, 755 1774, 755 1725, 805 1725))"
656,816,1810,864,1859,"POLYGON ((864 1810, 864 1859, 816 1859, 816 1810, 864 1810))"
657,336,812,373,852,"POLYGON ((373 812, 373 852, 336 852, 336 812, 373 812))"
658,262,484,333,573,"POLYGON ((333 484, 333 573, 262 573, 262 484, 333 484))"
659,354,1222,410,1277,"POLYGON ((410 1222, 410 1277, 354 1277, 354 1222, 410 1222))"
660,327,1170,377,1236,"POLYGON ((377 1170, 377 1236, 327 1236, 327 1170, 377 1170))"
661,233,1220,279,1267,"POLYGON ((279 1220, 279 1267, 233 1267, 233 1220, 279 1220))"
662,392,1400,435,1449,"POLYGON ((435 1400, 435 1449, 392 1449, 392 1400, 435 1400))"
663,1242,980,1280,1025,"POLYGON ((1280 980, 1280 1025, 1242 1025, 1242 980, 1280 980))"
664,1245,701,1329,791,"POLYGON ((1329 701, 1329 791, 1245 791, 1245 701, 1329 701))"
665,774,170,808,208,"POLYGON ((808 170, 808 208, 774 208, 774 170, 808 170))"
666,821,347,873,394,"POLYGON ((873 347, 873 394, 821 394, 821 347, 873 347))"
667,476,334,510,367,"POLYGON ((510 334, 510 367, 476 367, 476 334, 510 334))"
668,65,972,97,1004,"POLYGON ((97 972, 97 1004, 65 1004, 65 972, 97 972))"
669,228,843,258,872,"POLYGON ((258 843, 258 872, 228 872, 228 843, 258 843))"
670,669,1821,717,1863,"POLYGON ((717 1821, 717 1863, 669 1863, 669 1821, 717 1821))"
671,671,1748,720,1810,"POLYGON ((720 1748, 720 1810, 671 1810, 671 1748, 720 1748))"
672,745,1593,806,1649,"POLYGON ((806 1593, 806 1649, 745 1649, 745 1593, 806 1593))"
673,1004,1302,1058,1361,"POLYGON ((1058 1302, 1058 1361, 1004 1361, 1004 1302, 1058 1302))"
674,983,1217,1064,1292,"POLYGON ((1064 1217, 1064 1292, 983 1292, 983 1217, 1064 1217))"
675,1074,1105,1123,1160,"POLYGON ((1123 1105, 1123 1160, 1074 1160, 1074 1105, 1123 1105))"
676,1070,1161,1116,1209,"POLYGON ((1116 1161, 1116 1209, 1070 1209, 1070 1161, 1116 1161))"
677,1055,963,1099,1014,"POLYGON ((1099 963, 1099 1014, 1055 1014, 1055 963, 1099 963))"
678,903,396,943,437,"POLYGON ((943 396, 943 437, 903 437, 903 396, 943 396))"
679,213,425,271,493,"POLYGON ((271 425, 271 493, 213 493, 213 425, 271 425))"
680,46,909,87,952,"POLYGON ((87 909, 87 952, 46 952, 46 909, 87 909))"
681,526,1838,555,1864,"POLYGON ((555 1838, 555 1864, 526 1864, 526 1838, 555 1838))"
682,262,950,292,984,"POLYGON ((292 950, 292 984, 262 984, 262 950, 292 950))"
683,183,387,241,449,"POLYGON ((241 387, 241 449, 183 449, 183 387, 241 387))"
684,1217,33,1264,75,"POLYGON ((1264 33, 1264 75, 1217 75, 1217 33, 1264 33))"
685,1291,231,1337,282,"POLYGON ((1337 231, 1337 282, 1291 282, 1291 231, 1337 231))"
686,484,501,511,532,"POLYGON ((511 501, 511 532, 484 532, 484 501, 511 501))"
687,1,1483,32,1546,"POLYGON ((32 1483, 32 1546, 1 1546, 1 1483, 32 1483))"
688,3,1546,43,1580,"POLYGON ((43 1546, 43 1580, 3 1580, 3 1546, 43 1546))"
689,34,1522,77,1563,"POLYGON ((77 1522, 77 1563, 34 1563, 34 1522, 77 1522))"
690,75,1655,159,1748,"POLYGON ((159 1655, 159 1748, 75 1748, 75 1655, 159 1655))"
691,250,1698,311,1754,"POLYGON ((311 1698, 311 1754, 250 1754, 250 1698, 311 1698))"
692,497,1647,562,1706,"POLYGON ((562 1647, 562 1706, 497 1706, 497 1647, 562 1647))"
693,732,1692,772,1741,"POLYGON ((772 1692, 772 1741, 732 1741, 732 1692, 772 1692))"
694,273,294,322,342,"POLYGON ((322 294, 322 342, 273 342, 273 294, 322 294))"
695,255,328,302,383,"POLYGON ((302 328, 302 383, 255 383, 255 328, 302 328))"
696,1246,1550,1285,1592,"POLYGON ((1285 1550, 1285 1592, 1246 1592, 1246 1550, 1285 1550))"
697,438,10,513,114,"POLYGON ((513 10, 513 114, 438 114, 438 10, 513 10))"
698,519,40,564,99,"POLYGON ((564 40, 564 99, 519 99, 519 40, 564 40))"
699,270,571,326,620,"POLYGON ((326 571, 326 620, 270 620, 270 571, 326 571))"
700,54,1143,98,1188,"POLYGON ((98 1143, 98 1188, 54 1188, 54 1143, 98 1143))"
701,65,1086,117,1141,"POLYGON ((117 1086, 117 1141, 65 1141, 65 1086, 117 1086))"
702,86,1427,160,1499,"POLYGON ((160 1427, 160 1499, 86 1499, 86 1427, 160 1427))"
703,7,1583,78,1668,"POLYGON ((78 1583, 78 1668, 7 1668, 7 1583, 78 1583))"
704,728,1507,775,1561,"POLYGON ((775 1507, 775 1561, 728 1561, 728 1507, 775 1507))"
705,1275,541,1305,579,"POLYGON ((1305 541, 1305 579, 1275 579, 1275 541, 1305 541))"
706,1239,202,1288,241,"POLYGON ((1288 202, 1288 241, 1239 241, 1239 202, 1288 202))"
707,201,877,240,912,"POLYGON ((240 877, 240 912, 201 912, 201 877, 240 877))"
708,435,1249,476,1291,"POLYGON ((476 1249, 476 1291, 435 1291, 435 1249, 476 1249))"
709,364,1260,426,1323,"POLYGON ((426 1260, 426 1323, 364 1323, 364 1260, 426 1260))"
710,216,1394,285,1459,"POLYGON ((285 1394, 285 1459, 216 1459, 216 1394, 285 1394))"
711,108,1770,177,1840,"POLYGON ((177 1770, 177 1840, 108 1840, 108 1770, 177 1770))"
712,373,1821,427,1864,"POLYGON ((427 1821, 427 1864, 373 1864, 373 1821, 427 1821))"
713,911,1666,969,1727,"POLYGON ((969 1666, 969 1727, 911 1727, 911 1666, 969 1666))"
714,1271,1758,1296,1789,"POLYGON ((1296 1758, 1296 1789, 1271 1789, 1271 1758, 1296 1758))"
715,1210,1757,1256,1803,"POLYGON ((1256 1757, 1256 1803, 1210 1803, 1210 1757, 1256 1757))"
716,1323,1170,1368,1227,"POLYGON ((1368 1170, 1368 1227, 1323 1227, 1323 1170, 1368 1170))"
717,1185,997,1238,1043,"POLYGON ((1238 997, 1238 1043, 1185 1043, 1185 997, 1238 997))"
718,832,418,881,467,"POLYGON ((881 418, 881 467, 832 467, 832 418, 881 418))"
719,1044,471,1080,512,"POLYGON ((1080 471, 1080 512, 1044 512, 1044 471, 1080 471))"
720,619,800,677,857,"POLYGON ((677 800, 677 857, 619 857, 619 800, 677 800))"
721,737,774,776,812,"POLYGON ((776 774, 776 812, 737 812, 737 774, 776 774))"
722,731,820,772,869,"POLYGON ((772 820, 772 869, 731 869, 731 820, 772 820))"
723,838,1100,893,1155,"POLYGON ((893 1100, 893 1155, 838 1155, 838 1100, 893 1100))"
724,892,1120,927,1155,"POLYGON ((927 1120, 927 1155, 892 1155, 892 1120, 927 1120))"
725,1138,1299,1177,1337,"POLYGON ((1177 1299, 1177 1337, 1138 1337, 1138 1299, 1177 1299))"
726,969,1356,1015,1397,"POLYGON ((1015 1356, 1015 1397, 969 1397, 969 1356, 1015 1356))"
727,213,1760,239,1788,"POLYGON ((239 1760, 239 1788, 213 1788, 213 1760, 239 1760))"
728,259,1762,300,1804,"POLYGON ((300 1762, 300 1804, 259 1804, 259 1762, 300 1762))"
729,564,1519,594,1561,"POLYGON ((594 1519, 594 1561, 564 1561, 564 1519, 594 1519))"
730,496,1316,543,1377,"POLYGON ((543 1316, 543 1377, 496 1377, 496 1316, 543 1316))"
731,327,628,346,646,"POLYGON ((346 628, 346 646, 327 646, 327 628, 346 628))"
732,321,711,366,758,"POLYGON ((366 711, 366 758, 321 758, 321 711, 366 711))"
733,122,347,160,385,"POLYGON ((160 347, 160 385, 122 385, 122 347, 160 347))"
734,603,177,640,220,"POLYGON ((640 177, 640 220, 603 220, 603 177, 640 177))"
735,666,1132,711,1176,"POLYGON ((711 1132, 711 1176, 666 1176, 666 1132, 711 1132))"
736,421,1178,470,1227,"POLYGON ((470 1178, 470 1227, 421 1227, 421 1178, 470 1178))"
737,246,1475,294,1520,"POLYGON ((294 1475, 294 1520, 246 1520, 246 1475, 294 1475))"
738,284,1817,349,1864,"POLYGON ((349 1817, 349 1864, 284 1864, 284 1817, 349 1817))"
739,344,1661,423,1721,"POLYGON ((423 1661, 423 1721, 344 1721, 344 1661, 423 1661))"
740,1192,1331,1232,1374,"POLYGON ((1232 1331, 1232 1374, 1192 1374, 1192 1331, 1232 1331))"
741,1243,1031,1293,1089,"POLYGON ((1293 1031, 1293 1089, 1243 1089, 1243 1031, 1293 1031))"
742,1115,988,1176,1050,"POLYGON ((1176 988, 1176 1050, 1115 1050, 1115 988, 1176 988))"
743,1262,918,1316,974,"POLYGON ((1316 918, 1316 974, 1262 974, 1262 918, 1316 918))"
744,863,977,897,1010,"POLYGON ((897 977, 897 1010, 863 1010, 863 977, 897 977))"
745,1126,1127,1157,1172,"POLYGON ((1157 1127, 1157 1172, 1126 1172, 1126 1127, 1157 1127))"
746,891,456,951,539,"POLYGON ((951 456, 951 539, 891 539, 891 456, 951 456))"
747,66,120,122,172,"POLYGON ((122 120, 122 172, 66 172, 66 120, 122 120))"
748,94,54,163,130,"POLYGON ((163 54, 163 130, 94 130, 94 54, 163 54))"
749,102,187,175,264,"POLYGON ((175 187, 175 264, 102 264, 102 187, 175 187))"
750,151,912,209,955,"POLYGON ((209 912, 209 955, 151 955, 151 912, 209 912))"
751,137,840,197,896,"POLYGON ((197 840, 197 896, 137 896, 137 840, 197 840))"
752,363,1325,442,1398,"POLYGON ((442 1325, 442 1398, 363 1398, 363 1325, 442 1325))"
753,1103,307,1148,350,"POLYGON ((1148 307, 1148 350, 1103 350, 1103 307, 1148 307))"
754,1180,141,1250,210,"POLYGON ((1250 141, 1250 210, 1180 210, 1180 141, 1250 141))"
755,1121,1606,1175,1670,"POLYGON ((1175 1606, 1175 1670, 1121 1670, 1121 1606, 1175 1606))"
756,649,1239,718,1317,"POLYGON ((718 1239, 718 1317, 649 1317, 649 1239, 718 1239))"
757,689,1339,734,1388,"POLYGON ((734 1339, 734 1388, 689 1388, 689 1339, 734 1339))"
758,741,1331,792,1398,"POLYGON ((792 1331, 792 1398, 741 1398, 741 1331, 792 1331))"
759,898,1266,986,1353,"POLYGON ((986 1266, 986 1353, 898 1353, 898 1266, 986 1266))"
760,359,494,406,544,"POLYGON ((406 494, 406 544, 359 544, 359 494, 406 494))"
761,815,192,859,249,"POLYGON ((859 192, 859 249, 815 249, 815 192, 859 192))"
762,625,383,715,478,"POLYGON ((715 383, 715 478, 625 478, 625 383, 715 383))"
763,1240,261,1279,296,"POLYGON ((1279 261, 1279 296, 1240 296, 1240 261, 1279 261))"
764,407,660,481,722,"POLYGON ((481 660, 481 722, 407 722, 407 660, 481 660))"
765,512,838,583,904,"POLYGON ((583 838, 583 904, 512 904, 512 838, 583 838))"
766,817,687,854,741,"POLYGON ((854 687, 854 741, 817 741, 817 687, 854 687))"
767,1038,227,1096,270,"POLYGON ((1096 227, 1096 270, 1038 270, 1038 227, 1096 227))"
768,1096,59,1168,136,"POLYGON ((1168 59, 1168 136, 1096 136, 1096 59, 1168 59))"
769,1290,273,1373,359,"POLYGON ((1373 273, 1373 359, 1290 359, 1290 273, 1373 273))"
770,555,37,607,108,"POLYGON ((607 37, 607 108, 555 108, 555 37, 607 37))"
771,32,351,95,411,"POLYGON ((95 351, 95 411, 32 411, 32 351, 95 351))"
772,144,310,194,365,"POLYGON ((194 310, 194 365, 144 365, 144 310, 194 310))"
773,773,259,821,318,"POLYGON ((821 259, 821 318, 773 318, 773 259, 821 259))"
774,945,393,1016,463,"POLYGON ((1016 393, 1016 463, 945 463, 945 393, 1016 393))"
775,1168,1042,1212,1101,"POLYGON ((1212 1042, 1212 1101, 1168 1101, 1168 1042, 1212 1042))"
776,953,640,1004,701,"POLYGON ((1004 640, 1004 701, 953 701, 953 640, 1004 640))"
777,329,558,386,612,"POLYGON ((386 558, 386 612, 329 612, 329 558, 386 558))"
778,434,599,501,667,"POLYGON ((501 599, 501 667, 434 667, 434 599, 501 599))"
779,342,759,415,828,"POLYGON ((415 759, 415 828, 342 828, 342 759, 415 759))"
780,226,759,304,839,"POLYGON ((304 759, 304 839, 226 839, 226 759, 304 759))"
781,1038,266,1096,340,"POLYGON ((1096 266, 1096 340, 1038 340, 1038 266, 1096 266))"
782,618,479,731,588,"POLYGON ((731 479, 731 588, 618 588, 618 479, 731 479))"
783,733,1,831,68,"POLYGON ((831 1, 831 68, 733 68, 733 1, 831 1))"
784,1272,416,1336,477,"POLYGON ((1336 416, 1336 477, 1272 477, 1272 416, 1336 416))"
785,525,791,574,831,"POLYGON ((574 791, 574 831, 525 831, 525 791, 574 791))"
786,538,685,616,754,"POLYGON ((616 685, 616 754, 538 754, 538 685, 616 685))"
787,602,1507,666,1572,"POLYGON ((666 1507, 666 1572, 602 1572, 602 1507, 666 1507))"
788,860,1755,942,1834,"POLYGON ((942 1755, 942 1834, 860 1834, 860 1755, 942 1755))"
789,842,1433,912,1501,"POLYGON ((912 1433, 912 1501, 842 1501, 842 1433, 912 1433))"
790,1290,980,1350,1039,"POLYGON ((1350 980, 1350 1039, 1290 1039, 1290 980, 1350 980))"
791,1043,515,1146,616,"POLYGON ((1146 515, 1146 616, 1043 616, 1043 515, 1146 515))"
792,1150,562,1250,655,"POLYGON ((1250 562, 1250 655, 1150 655, 1150 562, 1250 562))"
793,1281,616,1373,696,"POLYGON ((1373 616, 1373 696, 1281 696, 1281 616, 1373 616))"
794,729,1017,820,1108,"POLYGON ((820 1017, 820 1108, 729 1108, 729 1017, 820 1017))"
795,554,931,593,985,"POLYGON ((593 931, 593 985, 554 985, 554 931, 593 931))"
796,647,938,687,982,"POLYGON ((687 938, 687 982, 647 982, 647 938, 687 938))"
797,635,614,698,688,"POLYGON ((698 614, 698 688, 635 688, 635 614, 698 614))"
798,879,1358,972,1439,"POLYGON ((972 1358, 972 1439, 879 1439, 879 1358, 972 1358))"
799,42,1224,95,1278,"POLYGON ((95 1224, 95 1278, 42 1278, 42 1224, 95 1224))"
800,78,1334,140,1396,"POLYGON ((140 1334, 140 1396, 78 1396, 78 1334, 140 1334))"
801,109,1505,188,1579,"POLYGON ((188 1505, 188 1579, 109 1579, 109 1505, 188 1505))"
802,193,1516,257,1568,"POLYGON ((257 1516, 257 1568, 193 1568, 193 1516, 257 1516))"
803,134,1366,207,1448,"POLYGON ((207 1366, 207 1448, 134 1448, 134 1366, 207 1366))"
804,275,1422,355,1491,"POLYGON ((355 1422, 355 1491, 275 1491, 275 1422, 355 1422))"
805,1270,55,1351,131,"POLYGON ((1351 55, 1351 131, 1270 131, 1270 55, 1351 55))"
806,1133,228,1207,303,"POLYGON ((1207 228, 1207 303, 1133 303, 1133 228, 1207 228))"
807,946,244,1017,291,"POLYGON ((1017 244, 1017 291, 946 291, 946 244, 1017 244))"
808,1025,182,1065,225,"POLYGON ((1065 182, 1065 225, 1025 225, 1025 182, 1065 182))"
809,863,80,962,161,"POLYGON ((962 80, 962 161, 863 161, 863 80, 962 80))"
810,155,497,256,587,"POLYGON ((256 497, 256 587, 155 587, 155 497, 256 497))"
811,188,250,241,325,"POLYGON ((241 250, 241 325, 188 325, 188 250, 241 250))"
812,328,328,417,410,"POLYGON ((417 328, 417 410, 328 410, 328 328, 417 328))"
813,759,490,814,554,"POLYGON ((814 490, 814 554, 759 554, 759 490, 814 490))"
814,422,1699,463,1751,"POLYGON ((463 1699, 463 1751, 422 1751, 422 1699, 463 1699))"
815,455,1497,516,1577,"POLYGON ((516 1497, 516 1577, 455 1577, 455 1497, 516 1497))"
816,538,1082,615,1145,"POLYGON ((615 1082, 615 1145, 538 1145, 538 1082, 615 1082))"
817,1105,1062,1138,1110,"POLYGON ((1138 1062, 1138 1110, 1105 1110, 1105 1062, 1138 1062))"
818,1299,1089,1357,1155,"POLYGON ((1357 1089, 1357 1155, 1299 1155, 1299 1089, 1357 1089))"
819,1212,807,1279,870,"POLYGON ((1279 807, 1279 870, 1212 870, 1212 807, 1279 807))"
820,680,265,732,333,"POLYGON ((732 265, 732 333, 680 333, 680 265, 732 265))"
821,774,381,829,437,"POLYGON ((829 381, 829 437, 774 437, 774 381, 829 381))"
822,532,429,603,505,"POLYGON ((603 429, 603 505, 532 505, 532 429, 603 429))"
823,483,445,529,499,"POLYGON ((529 445, 529 499, 483 499, 483 445, 529 445))"
824,466,365,535,434,"POLYGON ((535 365, 535 434, 466 434, 466 365, 535 365))"
825,536,346,614,435,"POLYGON ((614 346, 614 435, 536 435, 536 346, 614 346))"
826,353,409,431,495,"POLYGON ((431 409, 431 495, 353 495, 353 409, 431 409))"
827,511,494,587,571,"POLYGON ((587 494, 587 571, 511 571, 511 494, 587 494))"
828,1301,841,1382,923,"POLYGON ((1382 841, 1382 923, 1301 923, 1301 841, 1382 841))"
829,1067,1539,1131,1611,"POLYGON ((1131 1539, 1131 1611, 1067 1611, 1067 1539, 1131 1539))"
830,722,1445,780,1519,"POLYGON ((780 1445, 780 1519, 722 1519, 722 1445, 780 1445))"
831,794,1635,853,1709,"POLYGON ((853 1635, 853 1709, 794 1709, 794 1635, 853 1635))"
832,129,1577,191,1632,"POLYGON ((191 1577, 191 1632, 129 1632, 129 1577, 191 1577))"
833,156,1618,227,1688,"POLYGON ((227 1618, 227 1688, 156 1688, 156 1618, 227 1618))"
834,154,1702,213,1764,"POLYGON ((213 1702, 213 1764, 154 1764, 154 1702, 213 1702))"
835,226,1567,291,1626,"POLYGON ((291 1567, 291 1626, 226 1626, 226 1567, 291 1567))"
836,264,1120,323,1174,"POLYGON ((323 1120, 323 1174, 264 1174, 264 1120, 323 1120))"
837,1080,649,1123,687,"POLYGON ((1123 649, 1123 687, 1080 687, 1080 649, 1123 649))"
838,1147,838,1225,919,"POLYGON ((1225 838, 1225 919, 1147 919, 1147 838, 1225 838))"
839,1068,1259,1115,1316,"POLYGON ((1115 1259, 1115 1316, 1068 1316, 1068 1259, 1115 1259))"
840,985,1111,1024,1155,"POLYGON ((1024 1111, 1024 1155, 985 1155, 985 1111, 1024 1111))"
841,130,627,195,701,"POLYGON ((195 627, 195 701, 130 701, 130 627, 195 627))"
842,195,606,273,678,"POLYGON ((273 606, 273 678, 195 678, 195 606, 273 606))"
843,94,878,141,930,"POLYGON ((141 878, 141 930, 94 930, 94 878, 141 878))"
844,274,854,307,884,"POLYGON ((307 854, 307 884, 274 884, 274 854, 307 854))"
845,768,1242,822,1308,"POLYGON ((822 1242, 822 1308, 768 1308, 768 1242, 822 1242))"
846,895,910,948,976,"POLYGON ((948 910, 948 976, 895 976, 895 910, 948 910))"
847,1066,788,1097,831,"POLYGON ((1097 788, 1097 831, 1066 831, 1066 788, 1097 788))"
848,1106,813,1144,855,"POLYGON ((1144 813, 1144 855, 1106 855, 1106 813, 1144 813))"
849,901,722,947,783,"POLYGON ((947 722, 947 783, 901 783, 901 722, 947 722))"
850,838,636,903,693,"POLYGON ((903 636, 903 693, 838 693, 838 636, 903 636))"
851,581,874,632,926,"POLYGON ((632 874, 632 926, 581 926, 581 874, 632 874))"
852,599,927,638,965,"POLYGON ((638 927, 638 965, 599 965, 599 927, 638 927))"
853,350,637,389,675,"POLYGON ((389 637, 389 675, 350 675, 350 637, 389 637))"
854,290,642,323,675,"POLYGON ((323 642, 323 675, 290 675, 290 642, 323 642))"
855,6,650,70,726,"POLYGON ((70 650, 70 726, 6 726, 6 650, 70 650))"
856,152,1193,194,1230,"POLYGON ((194 1193, 194 1230, 152 1230, 152 1193, 194 1193))"
857,258,1268,310,1324,"POLYGON ((310 1268, 310 1324, 258 1324, 258 1268, 310 1268))"
858,382,891,423,939,"POLYGON ((423 891, 423 939, 382 939, 382 891, 423 891))"
859,350,847,401,898,"POLYGON ((401 847, 401 898, 350 898, 350 847, 401 847))"
860,82,947,114,979,"POLYGON ((114 947, 114 979, 82 979, 82 947, 114 947))"
861,95,1017,143,1066,"POLYGON ((143 1017, 143 1066, 95 1066, 95 1017, 143 1017))"
862,276,1203,327,1259,"POLYGON ((327 1203, 327 1259, 276 1259, 276 1203, 327 1203))"
863,407,1028,482,1112,"POLYGON ((482 1028, 482 1112, 407 1112, 407 1028, 482 1028))"
